number,name,image,theme,subtheme,year,rating,owners,want_it
10260,Downtown Diner,https://images.brickset.com/sets/small/10260-1.jpg,Advanced Models,Modular Buildings,2018,4.3,4897,4290
10261,Roller Coaster,https://images.brickset.com/sets/small/10261-1.jpg,Advanced Models,Fairground,2018,5.0,1656,3613
10262,James Bond Aston Martin DB5,https://images.brickset.com/sets/small/10262-1.jpg,Advanced Models,Vehicles,2018,5.0,1338,1900
10263,Winter Village Fire Station,https://images.brickset.com/sets/small/10263-1.jpg,Advanced Models,Winter Village,2018,,559,2149
10268,Vestas Wind Turbine,https://images.brickset.com/sets/small/10268-1.jpg,Advanced Models,,2018,,,
10401,Rainbow Fun,https://images.brickset.com/sets/small/10401-1.jpg,Classic,Building Bigger Thinking,2018,4.0,1778,278
10402,Fun Future,https://images.brickset.com/sets/small/10402-1.jpg,Classic,Building Bigger Thinking,2018,5.0,1431,338
10403,World Fun,https://images.brickset.com/sets/small/10403-1.jpg,Classic,Building Bigger Thinking,2018,,1055,382
10404,Ocean's Bottom,https://images.brickset.com/sets/small/10404-1.jpg,Classic,Building Bigger Thinking,2018,5.0,927,417
10405,Mission to Mars,https://images.brickset.com/sets/small/10405-1.jpg,Classic,Building Bigger Thinking,2018,5.0,499,506
10712,Bricks and Gears,https://images.brickset.com/sets/small/10712-1.jpg,Classic,,2018,5.0,440,234
10713,Creative Suitcase,https://images.brickset.com/sets/small/10713-1.jpg,Classic,,2018,,305,166
10714,Blue Baseplate,https://images.brickset.com/sets/small/10714-1.jpg,Classic,,2018,,1065,473
10715,Bricks on a Roll,https://images.brickset.com/sets/small/10715-1.jpg,Classic,,2018,,763,245
10717,Extra Large Brick Box,https://images.brickset.com/sets/small/10717-1.jpg,Classic,,2018,,169,211
10748,Emma's Pet Party,https://images.brickset.com/sets/small/10748-1.jpg,Juniors,Friends,2018,,201,101
10749,Mia's Organic Food Market,https://images.brickset.com/sets/small/10749-1.jpg,Juniors,Friends,2018,,176,132
10750,Road Repair Truck,https://images.brickset.com/sets/small/10750-1.jpg,Juniors,City,2018,,527,247
10751,Mountain Police Chase,https://images.brickset.com/sets/small/10751-1.jpg,Juniors,City,2018,,195,161
10753,The Joker Batcave Attack,https://images.brickset.com/sets/small/10753-1.jpg,Juniors,DC Comics Super Heroes,2018,,294,285
10754,Spider-Man vs. Scorpion Street Showdown,https://images.brickset.com/sets/small/10754-1.jpg,Juniors,Marvel Super Heroes,2018,5.0,227,227
10755,Zane's Ninja Boat Pursuit,https://images.brickset.com/sets/small/10755-1.jpg,Juniors,Ninjago,2018,,255,152
10756,Pteranodon Escape,https://images.brickset.com/sets/small/10756-1.jpg,Juniors,Jurassic World: Fallen Kingdom,2018,,374,414
10757,Raptor Rescue Truck,https://images.brickset.com/sets/small/10757-1.jpg,Juniors,Jurassic World: Fallen Kingdom,2018,,489,501
10758,T. Rex Breakout,https://images.brickset.com/sets/small/10758-1.jpg,Juniors,Jurassic World: Fallen Kingdom,2018,,592,687
10759,Elastigirl's Rooftop Pursuit,https://images.brickset.com/sets/small/10759-1.jpg,Juniors,Incredibles 2,2018,4.0,415,508
10760,Underminer's Bank Heist,https://images.brickset.com/sets/small/10760-1.jpg,Juniors,Incredibles 2,2018,4.0,523,568
10761,The Great Home Escape,https://images.brickset.com/sets/small/10761-1.jpg,Juniors,Incredibles 2,2018,4.0,613,583
10762,Belle's Story Time,https://images.brickset.com/sets/small/10762-1.jpg,Juniors,Disney Princess,2018,,157,224
10763,Stephanie's Lakeside House,https://images.brickset.com/sets/small/10763-1.jpg,Juniors,Friends,2018,,39,97
10764,City Central Airport,https://images.brickset.com/sets/small/10764-1.jpg,Juniors,City,2018,,45,178
10765,Ariel's Underwater Concert,https://images.brickset.com/sets/small/10765-1.jpg,Juniors,Disney Princess,2018,,111,185
10858,My First Puzzle Pets,https://images.brickset.com/sets/small/10858-1.jpg,Duplo,,2018,,127,22
10859,My First Ladybird,https://images.brickset.com/sets/small/10859-1.jpg,Duplo,,2018,,127,22
10860,My First Race Car,https://images.brickset.com/sets/small/10860-1.jpg,Duplo,,2018,,112,17
10861,My First Emotions,https://images.brickset.com/sets/small/10861-1.jpg,Duplo,,2018,,70,39
10862,My First Celebration,https://images.brickset.com/sets/small/10862-1.jpg,Duplo,,2018,5.0,111,51
10863,My First Animal Brick Box,https://images.brickset.com/sets/small/10863-1.jpg,Duplo,,2018,,73,30
10864,Large Playground Brick Box,https://images.brickset.com/sets/small/10864-1.jpg,Duplo,,2018,,44,53
10865,Fun Creations,https://images.brickset.com/sets/small/10865-1.jpg,Duplo,,2018,,42,23
10867,Farmers' Market,https://images.brickset.com/sets/small/10867-1.jpg,Duplo,,2018,4.0,66,44
10868,Farm Pony Stable,https://images.brickset.com/sets/small/10868-1.jpg,Duplo,,2018,,65,39
10869,Farm Adventures,https://images.brickset.com/sets/small/10869-1.jpg,Duplo,,2018,,48,63
10870,Farm Animals,https://images.brickset.com/sets/small/10870-1.jpg,Duplo,,2018,,192,52
10871,Airport,https://images.brickset.com/sets/small/10871-1.jpg,Duplo,,2018,,97,46
10872,Train Bridge and Tracks,https://images.brickset.com/sets/small/10872-1.jpg,Duplo,Trains,2018,3.0,55,97
10873,Minnie's Birthday Party,https://images.brickset.com/sets/small/10873-1.jpg,Duplo,Disney,2018,,49,23
10874,Steam Train,https://images.brickset.com/sets/small/10874-1.jpg,Duplo,Trains,2018,,62,94
10875,Cargo Train,https://images.brickset.com/sets/small/10875-1.jpg,Duplo,Trains,2018,,21,120
10876,Spider-Man & Hulk Adventures,https://images.brickset.com/sets/small/10876-1.jpg,Duplo,Spider-Man,2018,3.0,71,52
10877,Belle's Tea Party,https://images.brickset.com/sets/small/10877-1.jpg,Duplo,Disney Princess,2018,,131,71
10878,Rapunzel's Tower,https://images.brickset.com/sets/small/10878-1.jpg,Duplo,Disney Princess,2018,,58,57
10879,Gentle Giants Petting Zoo,https://images.brickset.com/sets/small/10879-1.jpg,Duplo,Jurassic World: Fallen Kingdom,2018,,196,161
10880,T. rex Tower,https://images.brickset.com/sets/small/10880-1.jpg,Duplo,Jurassic World: Fallen Kingdom,2018,,143,147
10881,Mickey's Boat,https://images.brickset.com/sets/small/10881-1.jpg,Duplo,Disney,2018,,46,48
10882,Train Tracks,https://images.brickset.com/sets/small/10882-1.jpg,Duplo,Trains,2018,,49,86
11917,Animal Atlas parts,https://images.brickset.com/sets/small/11917-1.jpg,Miscellaneous,,2018,,24,43
21038,Las Vegas,,Architecture,Skylines,2018,,,
21039,Shanghai,https://images.brickset.com/sets/small/21039-1.jpg,Architecture,Skylines,2018,,1702,1222
21041,Great Wall of China,https://images.brickset.com/sets/small/21041-1.jpg,Architecture,,2018,5.0,909,1536
21042,Statue of Liberty,https://images.brickset.com/sets/small/21042-1.jpg,Architecture,,2018,4.0,1567,1958
21047,Las Vegas,https://images.brickset.com/sets/small/21047-1.jpg,Architecture,Skylines,2018,,494,958
21138,The Melon Farm,https://images.brickset.com/sets/small/21138-1.jpg,Minecraft,Minifig-scale,2018,3.5,630,381
21139,The Nether Fight,https://images.brickset.com/sets/small/21139-1.jpg,Minecraft,Minifig-scale,2018,5.0,554,333
21140,The Chicken Coop,https://images.brickset.com/sets/small/21140-1.jpg,Minecraft,Minifig-scale,2018,5.0,797,389
21141,The Zombie Cave,https://images.brickset.com/sets/small/21141-1.jpg,Minecraft,Minifig-scale,2018,4.0,491,330
21142,The Polar Igloo,https://images.brickset.com/sets/small/21142-1.jpg,Minecraft,Minifig-scale,2018,4.0,294,317
21143,The Nether Portal,https://images.brickset.com/sets/small/21143-1.jpg,Minecraft,Minifig-scale,2018,4.3,331,359
21144,The Farm Cottage ,https://images.brickset.com/sets/small/21144-1.jpg,Minecraft,Minifig-scale,2018,,369,383
21145,The Skull Arena,https://images.brickset.com/sets/small/21145-1.jpg,Minecraft,,2018,,144,264
21146,The Skeleton Attack,https://images.brickset.com/sets/small/21146-1.jpg,Minecraft,,2018,5.0,84,239
21147,The Bedrock Adventures,https://images.brickset.com/sets/small/21147-1.jpg,Minecraft,,2018,,57,263
21311,Voltron,https://images.brickset.com/sets/small/21311-1.jpg,Ideas,,2018,5.0,1165,1915
21313,Ship in a Bottle,https://images.brickset.com/sets/small/21313-1.jpg,Ideas,,2018,4.3,4666,2276
21314,TRON: Legacy,https://images.brickset.com/sets/small/21314-1.jpg,Ideas,Licensed,2018,5.0,3381,1653
30325,My First Dinosaur,https://images.brickset.com/sets/small/30325-1.jpg,Duplo,,2018,,98,50
30326,Farm {Random bag},https://images.brickset.com/sets/small/30326-0.jpg,Duplo,,2018,,8,14
30326,Farm - Chicken,https://images.brickset.com/sets/small/30326-1.jpg,Duplo,,2018,,20,25
30326,Farm - Girl,https://images.brickset.com/sets/small/30326-1.jpg,Duplo,,2018,,18,17
30326,Farm - Goat,https://images.brickset.com/sets/small/30326-1.jpg,Duplo,,2018,,18,24
30326,Farm - Boy,https://images.brickset.com/sets/small/30326-1.jpg,Duplo,,2018,,16,14
30326,Farm - Calf,https://images.brickset.com/sets/small/30326-1.jpg,Duplo,,2018,,20,19
30339,Traffic Light Patrol,https://images.brickset.com/sets/small/30339-1.jpg,Juniors,City,2018,,396,144
30356,Hot Dog Stand,https://images.brickset.com/sets/small/30356-1.jpg,City,General,2018,5.0,3739,1441
30357,Road Worker,https://images.brickset.com/sets/small/30357-1.jpg,City,Construction,2018,4.3,2035,671
30358,Dragster,https://images.brickset.com/sets/small/30358-1.jpg,City,Traffic,2018,3.0,1868,350
30359,Police Water Plane,https://images.brickset.com/sets/small/30359-1.jpg,City,Mountain Police,2018,4.0,920,315
30360,Arctic Ice Saw,https://images.brickset.com/sets/small/30360-1.jpg,City,Arctic,2018,,446,557
30380,Kylo Ren's Shuttle,https://images.brickset.com/sets/small/30380-1.jpg,Star Wars,The Last Jedi,2018,3.7,1694,562
30381,Imperial TIE Fighter,https://images.brickset.com/sets/small/30381-1.jpg,Star Wars,Solo,2018,,532,696
30382,Baby Velociraptor Playpen,https://images.brickset.com/sets/small/30382-1.jpg,Jurassic World,Fallen Kingdom,2018,5.0,2121,714
30403,Olivia's Remote Control Boat,https://images.brickset.com/sets/small/30403-1.jpg,Friends,,2018,3.0,475,185
30404,Friendship Flower,https://images.brickset.com/sets/small/30404-1.jpg,Friends,,2018,4.5,1653,354
30405,Stephanie's Hockey Practice,https://images.brickset.com/sets/small/30405-1.jpg,Friends,,2018,3.5,499,197
30406,Unikitty Roller Coaster Wagon,https://images.brickset.com/sets/small/30406-1.jpg,Unikitty!,Miscellaneous,2018,,228,370
30407,Harry's Journey to Hogwarts,https://images.brickset.com/sets/small/30407-1.jpg,Wizarding World,Harry Potter,2018,4.5,1253,1184
30450,Royal Talon Fighter,https://images.brickset.com/sets/small/30450-1.jpg,Marvel Super Heroes,Black Panther,2018,5.0,1125,459
30498,Imperial AT-Hauler,https://images.brickset.com/sets/small/30498-1.jpg,Star Wars,Solo,2018,5.0,165,488
30499,Robot/Vehicle free builds,https://images.brickset.com/sets/small/30499-1.jpg,Promotional,,2018,,662,138
30525,The Guardians' Ship,https://images.brickset.com/sets/small/30525-1.jpg,Marvel Super Heroes,Avengers: Infinity War,2018,4.3,2227,402
30526,The Mini Ultimate Batmobile,https://images.brickset.com/sets/small/30526-1.jpg,The LEGO Batman Movie,Miscellaneous,2018,4.7,1018,720
30530,WU-CRU Target Training,https://images.brickset.com/sets/small/30530-1.jpg,Ninjago,Sons of Garmadon,2018,3.0,671,397
30531,Sons of Garmadon,https://images.brickset.com/sets/small/30531-1.jpg,Ninjago,Sons of Garmadon,2018,3.7,1008,253
30532,Turbo,https://images.brickset.com/sets/small/30532-1.jpg,Ninjago,Sons of Garmadon,2018,3.0,653,238
30540,Yellow Flyer,https://images.brickset.com/sets/small/30540-1.jpg,Creator,,2018,,296,317
30541,Build a Duck,https://images.brickset.com/sets/small/30541-1.jpg,Classic,,2018,4.0,525,97
30542,Cute Pug,https://images.brickset.com/sets/small/30542-1.jpg,Creator,,2018,4.3,2340,381
30543,Christmas Train,https://images.brickset.com/sets/small/30543-1.jpg,Creator,Seasonal,2018,,404,630
30547,Dragon Hunter,https://images.brickset.com/sets/small/30547-1.jpg,Ninjago,Hunted,2018,,176,375
30552,Ariel's Underwater Symphony,https://images.brickset.com/sets/small/30552-1.jpg,Disney,The Little Mermaid,2018,3.0,603,377
30614,Lex Luthor,https://images.brickset.com/sets/small/30614-1.jpg,DC Comics Super Heroes,,2018,,53,679
30615,Edna Mode,https://images.brickset.com/sets/small/30615-1.jpg,Juniors,Incredibles 2,2018,,518,648
30617,Green Lantern Jessica Cruz,https://images.brickset.com/sets/small/30617-1.jpg,DC Comics Super Heroes,,2018,4.0,447,521
31071,Drone Explorer,https://images.brickset.com/sets/small/31071-1.jpg,Creator,,2018,,901,453
31072,Extreme Engines,https://images.brickset.com/sets/small/31072-1.jpg,Creator,,2018,5.0,919,348
31073,Mythical Creatures,https://images.brickset.com/sets/small/31073-1.jpg,Creator,,2018,5.0,1158,489
31074,Rocket Rally Car,https://images.brickset.com/sets/small/31074-1.jpg,Creator,,2018,,543,352
31075,Outback Adventures,https://images.brickset.com/sets/small/31075-1.jpg,Creator,,2018,,856,840
31076,Daredevil Stunt Plane,https://images.brickset.com/sets/small/31076-1.jpg,Creator,,2018,4.0,973,747
31077,Modular Sweet Surprises,https://images.brickset.com/sets/small/31077-1.jpg,Creator,,2018,,741,1269
31078,Tree House Treasures ,https://images.brickset.com/sets/small/31078-1.jpg,Creator,,2018,,519,1003
31079,Sunshine Surfer Van,https://images.brickset.com/sets/small/31079-1.jpg,Creator,,2018,,2196,1464
31080,Modular Winter Vacation,https://images.brickset.com/sets/small/31080-1.jpg,Creator,Modular,2018,,840,1089
31081,Modular Skate House,https://images.brickset.com/sets/small/31081-1.jpg,Creator,Modular,2018,,1009,1155
31083,Cruising Adventures,https://images.brickset.com/sets/small/31083-1.jpg,Creator,,2018,,493,988
31084,Pirate Roller Coaster,https://images.brickset.com/sets/small/31084-1.jpg,Creator,,2018,,1437,2165
31085,Mobile Stunt Show,https://images.brickset.com/sets/small/31085-1.jpg,Creator,,2018,,196,550
40187,Flower Display,https://images.brickset.com/sets/small/40187-1.jpg,Seasonal,Valentine's Day,2018,5.0,1965,514
40188,Pencil Pot,https://images.brickset.com/sets/small/40188-1.jpg,Miscellaneous,Desk Accessory,2018,,549,409
40197,Wedding Favor Set 2018,https://images.brickset.com/sets/small/40197-1.jpg,Miscellaneous,,2018,,1123,746
40198,LEGO Ludo Game,https://images.brickset.com/sets/small/40198-1.jpg,Miscellaneous,Games,2018,,119,377
40199,Billund Airport ,https://images.brickset.com/sets/small/40199-1.jpg,Architecture,,2018,,127,441
40235,Year of the Dog,https://images.brickset.com/sets/small/40235-1.jpg,Seasonal,Chinese New Year,2018,4.0,1558,447
40270,Valentine's Bee,https://images.brickset.com/sets/small/40270-1.jpg,BrickHeadz,Seasonal,2018,5.0,2783,442
40271,Easter Bunny,https://images.brickset.com/sets/small/40271-1.jpg,BrickHeadz,Seasonal,2018,,2546,479
40272,Witch,https://images.brickset.com/sets/small/40272-1.jpg,BrickHeadz,Seasonal,2018,,683,1005
40273,Turkey,https://images.brickset.com/sets/small/40273-1.jpg,BrickHeadz,Seasonal,2018,,348,1170
40274,Mr. & Mrs. Claus,https://images.brickset.com/sets/small/40274-1.jpg,BrickHeadz,Seasonal,2018,,358,1466
40276,Walrus,https://images.brickset.com/sets/small/40276-1.jpg,Promotional,Monthly Mini Model Build,2018,,292,173
40277,Car and petrol pump,https://images.brickset.com/sets/small/40277-1.jpg,Promotional,Monthly Mini Model Build,2018,,274,112
40278,Lamb,https://images.brickset.com/sets/small/40278-1.jpg,Promotional,Monthly Mini Model Build,2018,,290,106
40279,Frog,https://images.brickset.com/sets/small/40279-1.jpg,Promotional,Monthly Mini Model Build,2018,,270,89
40280,Tractor,https://images.brickset.com/sets/small/40280-1.jpg,Promotional,Monthly Mini Model Build,2018,,224,153
40281,Surfer Dragon,https://images.brickset.com/sets/small/40281-1.jpg,Promotional,Monthly Mini Model Build,2018,,220,109
40282,BBQ,https://images.brickset.com/sets/small/40282-1.jpg,Promotional,Monthly Mini Model Build,2018,,213,268
40283,Snail,https://images.brickset.com/sets/small/40283-1.jpg,Promotional,Monthly Mini Model Build,2018,,177,127
40284,Glider,https://images.brickset.com/sets/small/40284-1.jpg,Promotional,Monthly Mini Model Build,2018,,115,107
40285,Scarecrow,https://images.brickset.com/sets/small/40285-1.jpg,Promotional,Monthly Mini Model Build,2018,,66,262
40286,Ice Dragon,https://images.brickset.com/sets/small/40286-1.jpg,Promotional,Monthly Mini Model Build,2018,,6,161
40287,Sleigh,https://images.brickset.com/sets/small/40287-1.jpg,Promotional,Monthly Mini Model Build,2018,,5,265
40288,BB-8,https://images.brickset.com/sets/small/40288-1.jpg,Star Wars,Promotional,2018,,3380,904
40289,Diagon Alley,https://images.brickset.com/sets/small/40289-1.jpg,Wizarding World,Harry Potter,2018,,,
40290,60 Years of the LEGO Brick,https://images.brickset.com/sets/small/40290-1.jpg,Promotional,,2018,,4509,983
40291,Creative Personalities,https://images.brickset.com/sets/small/40291-1.jpg,Promotional,,2018,,3390,698
40293,Christmas Carousel,https://images.brickset.com/sets/small/40293-1.jpg,Seasonal,Christmas,2018,,,
40298,DJ,https://images.brickset.com/sets/small/40298-1.jpg,Star Wars,The Last Jedi,2018,3.0,2813,1058
40299,Kessel Mine Worker,https://images.brickset.com/sets/small/40299-1.jpg,Star Wars,Solo,2018,,661,1386
40300,Han Solo Mudtrooper,https://images.brickset.com/sets/small/40300-1.jpg,Star Wars,Solo,2018,,1370,1214
40301,Bat Shooter,https://images.brickset.com/sets/small/40301-1.jpg,The LEGO Batman Movie,Miscellaneous,2018,,111,560
40302,Become my City Hero,https://images.brickset.com/sets/small/40302-1.jpg,City,Mountain Police,2018,,120,560
40303,Vehicle Set,https://images.brickset.com/sets/small/40303-1.jpg,City,Traffic,2018,,,
40304,Numbers,https://images.brickset.com/sets/small/40304-1.jpg,Duplo,,2018,,76,34
40305,LEGO Brand Store,https://images.brickset.com/sets/small/40305-1.jpg,Promotional,,2018,5.0,1563,1334
40306,LEGOLAND Castle,https://images.brickset.com/sets/small/40306-1.jpg,Promotional,LEGOLAND,2018,,684,788
40307,Castle Interior Kit,https://images.brickset.com/sets/small/40307-1.jpg,Disney,Miscellaneous,2018,,248,355
40309,Food Accessories,https://images.brickset.com/sets/small/40309-1.jpg,Xtra,,2018,,865,619
40310,Botanical Accessories,https://images.brickset.com/sets/small/40310-1.jpg,Xtra,,2018,4.0,924,680
40311,Traffic Lights,https://images.brickset.com/sets/small/40311-1.jpg,Xtra,,2018,4.0,892,623
40312,Streetlamps,https://images.brickset.com/sets/small/40312-1.jpg,Xtra,,2018,4.0,1004,698
40313,Bicycles,https://images.brickset.com/sets/small/40313-1.jpg,Xtra,,2018,4.0,855,574
40314,Dr. Fox Magnifying Machine ,https://images.brickset.com/sets/small/40314-1.jpg,Unikitty!,Miscellaneous,2018,,41,146
40315,Ninjago board game,https://images.brickset.com/sets/small/40315-1.jpg,Ninjago,Promotional,2018,,,
40316,Geoffrey,https://images.brickset.com/sets/small/40316-1.jpg,BrickHeadz,,2018,,,
40320,Plants From Plants,https://images.brickset.com/sets/small/40320-1.jpg,Promotional,Miscellaneous,2018,,1292,401
40358,"Bean There, Donut That",https://images.brickset.com/sets/small/40358-1.jpg,Promotional,Target,2018,,504,700
40388,Mini-Doll Dress-Up Kit,https://images.brickset.com/sets/small/40388-1.jpg,Disney,Miscellaneous,2018,,199,257
40389,Photo Frame,https://images.brickset.com/sets/small/40389-1.jpg,Miscellaneous,Photo frames,2018,,65,152
41151,Mulan's Training Day,https://images.brickset.com/sets/small/41151-1.jpg,Disney,Miscellaneous,2018,,651,323
41152,Sleeping Beauty's Fairytale Castle,https://images.brickset.com/sets/small/41152-1.jpg,Disney,Sleeping Beauty,2018,,420,366
41153,Ariel's Royal Celebration Boat,https://images.brickset.com/sets/small/41153-1.jpg,Disney,The Little Mermaid,2018,,312,346
41154,Cinderella's Dream Castle,https://images.brickset.com/sets/small/41154-1.jpg,Disney,Cinderella,2018,,297,386
41155,Elsa's Market Adventure,https://images.brickset.com/sets/small/41155-1.jpg,Disney,Frozen,2018,,327,281
41156,Rapunzel's Castle Bedroom,https://images.brickset.com/sets/small/41156-1.jpg,Disney,Tangled,2018,,143,300
41157,Rapunzel's Travelling Caravan,https://images.brickset.com/sets/small/41157-1.jpg,Disney,Tangled,2018,,107,338
41190,Emily Jones & The Eagle Getaway,https://images.brickset.com/sets/small/41190-1.jpg,Elves,,2018,4.0,682,308
41191,Naida & The Water Turtle Ambush,https://images.brickset.com/sets/small/41191-1.jpg,Elves,,2018,4.0,720,323
41192,Azari & The Fire Lion Capture,https://images.brickset.com/sets/small/41192-1.jpg,Elves,,2018,,535,324
41193,Aira & the Song of the Wind Dragon,https://images.brickset.com/sets/small/41193-1.jpg,Elves,,2018,5.0,572,370
41194,Noctura's Tower & the Earth Fox Rescue ,https://images.brickset.com/sets/small/41194-1.jpg,Elves,,2018,,504,415
41195,Emily & Noctura's Showdown,https://images.brickset.com/sets/small/41195-1.jpg,Elves,,2018,,222,401
41196,The Elvenstar Tree Bat Attack,https://images.brickset.com/sets/small/41196-1.jpg,Elves,,2018,,210,469
41287,Bubbles Playground Showdown,https://images.brickset.com/sets/small/41287-1.jpg,The Powerpuff Girls,,2018,,144,401
41288,Mojo Jojo Strikes,https://images.brickset.com/sets/small/41288-1.jpg,The Powerpuff Girls,,2018,,156,444
41327,Mia's Bedroom,https://images.brickset.com/sets/small/41327-1.jpg,Friends,,2018,,595,192
41328,Stephanie's Bedroom,https://images.brickset.com/sets/small/41328-1.jpg,Friends,,2018,,477,207
41329,Olivia's Deluxe Bedroom,https://images.brickset.com/sets/small/41329-1.jpg,Friends,,2018,,425,231
41330,Stephanie's Soccer Practice,https://images.brickset.com/sets/small/41330-1.jpg,Friends,,2018,,353,222
41332,Emma's Art Stand,https://images.brickset.com/sets/small/41332-1.jpg,Friends,,2018,,561,307
41333,Olivia's Mission Vehicle,https://images.brickset.com/sets/small/41333-1.jpg,Friends,,2018,,515,260
41334,Andrea's Park Performance,https://images.brickset.com/sets/small/41334-1.jpg,Friends,,2018,,348,281
41335,Mia's Tree House,https://images.brickset.com/sets/small/41335-1.jpg,Friends,,2018,,580,313
41336,Emma's Art Café,https://images.brickset.com/sets/small/41336-1.jpg,Friends,,2018,,346,317
41338,Stephanie's Sports Arena,https://images.brickset.com/sets/small/41338-1.jpg,Friends,,2018,,189,238
41339,Mia's Camper Van,https://images.brickset.com/sets/small/41339-1.jpg,Friends,Summer,2018,,573,539
41340,Friendship House,https://images.brickset.com/sets/small/41340-1.jpg,Friends,,2018,,478,431
41341,Andrea's Bedroom,https://images.brickset.com/sets/small/41341-1.jpg,Friends,,2018,,229,167
41342,Emma's Deluxe Bedroom,https://images.brickset.com/sets/small/41342-1.jpg,Friends,,2018,,229,204
41343,Heartlake City Airplane Tour,https://images.brickset.com/sets/small/41343-1.jpg,Friends,,2018,,72,218
41344,Andrea's Accessories Store,https://images.brickset.com/sets/small/41344-1.jpg,Friends,,2018,,148,245
41345,Heartlake City Pet Centre,https://images.brickset.com/sets/small/41345-1.jpg,Friends,,2018,,69,267
41346,Friendship Box,https://images.brickset.com/sets/small/41346-1.jpg,Friends,,2018,,76,187
41347,Heartlake City Resort,https://images.brickset.com/sets/small/41347-1.jpg,Friends,,2018,,137,366
41348,Service & Care Truck,https://images.brickset.com/sets/small/41348-1.jpg,Friends,,2018,,180,221
41349,Drifting Diner,https://images.brickset.com/sets/small/41349-1.jpg,Friends,,2018,,242,337
41350,Spinning Brushes Car Wash,https://images.brickset.com/sets/small/41350-1.jpg,Friends,,2018,,108,230
41351,Creative Tuning Shop,https://images.brickset.com/sets/small/41351-1.jpg,Friends,,2018,,125,243
41352,The Big Race Day,https://images.brickset.com/sets/small/41352-1.jpg,Friends,,2018,,145,232
41353,Friends Advent Calendar,https://images.brickset.com/sets/small/41353-1.jpg,Friends,Seasonal,2018,,150,170
41451,Unikitty Cloud Car,https://images.brickset.com/sets/small/41451-1.jpg,Unikitty!,,2018,,273,324
41452,Prince Puppycorn Trike,https://images.brickset.com/sets/small/41452-1.jpg,Unikitty!,,2018,,212,291
41453,Party Time,https://images.brickset.com/sets/small/41453-1.jpg,Unikitty!,,2018,,236,357
41454,Dr. Fox Laboratory,https://images.brickset.com/sets/small/41454-1.jpg,Unikitty!,,2018,,203,345
41455,Unikingdom Creative Brick Box,https://images.brickset.com/sets/small/41455-1.jpg,Unikitty!,,2018,,197,347
41456,Unikingdom Fairground Fun,https://images.brickset.com/sets/small/41456-1.jpg,Unikitty!,,2018,,197,337
41597,Go Brick Me,https://images.brickset.com/sets/small/41597-1.jpg,BrickHeadz,,2018,5.0,2721,1098
41598,The Flash,https://images.brickset.com/sets/small/41598-1.jpg,BrickHeadz,DC Comics Super Heroes,2018,5.0,2308,518
41599,Wonder Woman,https://images.brickset.com/sets/small/41599-1.jpg,BrickHeadz,DC Comics Super Heroes,2018,4.0,2644,495
41600,Aquaman,https://images.brickset.com/sets/small/41600-1.jpg,BrickHeadz,DC Comics Super Heroes,2018,,2244,453
41601,Cyborg,https://images.brickset.com/sets/small/41601-1.jpg,BrickHeadz,DC Comics Super Heroes,2018,,2004,474
41602,Rey,https://images.brickset.com/sets/small/41602-1.jpg,BrickHeadz,Star Wars,2018,4.0,2578,477
41603,Kylo Ren,https://images.brickset.com/sets/small/41603-1.jpg,BrickHeadz,Star Wars,2018,,2707,473
41604,Iron Man MK50,https://images.brickset.com/sets/small/41604-1.jpg,BrickHeadz,Marvel Super Heroes,2018,,1922,681
41605,Thanos,https://images.brickset.com/sets/small/41605-1.jpg,BrickHeadz,Marvel Super Heroes,2018,,2078,645
41606,Star-Lord,https://images.brickset.com/sets/small/41606-1.jpg,BrickHeadz,Marvel Super Heroes,2018,,1847,688
41607,Gamora,https://images.brickset.com/sets/small/41607-1.jpg,BrickHeadz,Marvel Super Heroes,2018,5.0,1854,669
41608,Han Solo,https://images.brickset.com/sets/small/41608-1.jpg,BrickHeadz,Star Wars,2018,,2524,666
41609,Chewbacca,https://images.brickset.com/sets/small/41609-1.jpg,BrickHeadz,Star Wars,2018,,2658,713
41610,Tactical Batman & Superman,https://images.brickset.com/sets/small/41610-1.jpg,BrickHeadz,DC Comics Super Heroes,2018,,1252,725
41611,Marty McFly & Doc Brown,https://images.brickset.com/sets/small/41611-1.jpg,BrickHeadz,Miscellaneous,2018,5.0,1968,947
41612,Steve & Creeper,https://images.brickset.com/sets/small/41612-1.jpg,BrickHeadz,Miscellaneous,2018,,483,725
41613,Mr. Incredible & Frozone,https://images.brickset.com/sets/small/41613-1.jpg,BrickHeadz,Disney,2018,,1151,750
41614,Owen & Blue,https://images.brickset.com/sets/small/41614-1.jpg,BrickHeadz,Miscellaneous,2018,5.0,1718,572
41615,Harry Potter & Hedwig,https://images.brickset.com/sets/small/41615-1.jpg,BrickHeadz,Wizarding World,2018,4.0,1955,1131
41616,Hermione Granger,https://images.brickset.com/sets/small/41616-1.jpg,BrickHeadz,Wizarding World,2018,,1451,1031
41617,Elsa,https://images.brickset.com/sets/small/41617-1.jpg,BrickHeadz,Disney,2018,,826,718
41618,Anna & Olaf,https://images.brickset.com/sets/small/41618-1.jpg,BrickHeadz,Disney,2018,,845,739
41619,Darth Vader,https://images.brickset.com/sets/small/41619-1.jpg,BrickHeadz,Star Wars,2018,4.0,1952,1329
41620,Stormtrooper,https://images.brickset.com/sets/small/41620-1.jpg,BrickHeadz,Star Wars,2018,5.0,1901,1219
41621,Ron Weasley & Albus Dumbledore,https://images.brickset.com/sets/small/41621-1.jpg,BrickHeadz,Wizarding World,2018,,1391,1097
41622,Peter Venkman & Slimer,https://images.brickset.com/sets/small/41622-1.jpg,BrickHeadz,Miscellaneous,2018,,1039,985
41623,Ariel & Ursula,https://images.brickset.com/sets/small/41623-1.jpg,BrickHeadz,Disney,2018,,757,674
41624,Mickey Mouse,https://images.brickset.com/sets/small/41624-1.jpg,BrickHeadz,Disney,2018,,930,1292
41625,Minnie Mouse,https://images.brickset.com/sets/small/41625-1.jpg,BrickHeadz,Disney,2018,,888,1258
41626,Groot & Rocket,https://images.brickset.com/sets/small/41626-1.jpg,BrickHeadz,Marvel Super Heroes,2018,,333,1626
41627,Luke & Yoda,https://images.brickset.com/sets/small/41627-1.jpg,BrickHeadz,Star Wars,2018,,630,1869
41628,Princess Leia,https://images.brickset.com/sets/small/41628-1.jpg,BrickHeadz,Star Wars,2018,,522,1623
41629,Boba Fett,https://images.brickset.com/sets/small/41629-1.jpg,BrickHeadz,Star Wars,2018,,625,1965
41630,Jack Skellington & Sally,https://images.brickset.com/sets/small/41630-1.jpg,BrickHeadz,Disney,2018,,257,1091
41631,Newt Scamander & Gellert Grindelwald,https://images.brickset.com/sets/small/41631-1.jpg,BrickHeadz,Wizarding World,2018,,160,702
41632,Homer Simpson & Krusty the Clown,https://images.brickset.com/sets/small/41632-1.jpg,BrickHeadz,Miscellaneous,2018,,197,727
41775,Unikitty! blind bags series 1 {Random bag},https://images.brickset.com/sets/small/41775-0.jpg,Unikitty!,Blind bags series 1,2018,,133,135
41775,Rainbow Unikitty,https://images.brickset.com/sets/small/41775-1.jpg,Unikitty!,Blind bags series 1,2018,,495,228
41775,Angry Unikitty,https://images.brickset.com/sets/small/41775-2.jpg,Unikitty!,Blind bags series 1,2018,,515,239
41775,Shades Puppycorn,https://images.brickset.com/sets/small/41775-3.jpg,Unikitty!,Blind bags series 1,2018,3.0,497,181
41775,Dinosaur Unikitty,https://images.brickset.com/sets/small/41775-4.jpg,Unikitty!,Blind bags series 1,2018,,519,233
41775,Shades Unikitty,https://images.brickset.com/sets/small/41775-5.jpg,Unikitty!,Blind bags series 1,2018,,511,198
41775,Dalmatian Puppycorn,https://images.brickset.com/sets/small/41775-6.jpg,Unikitty!,Blind bags series 1,2018,5.0,458,192
41775,Dessert Unikitty,https://images.brickset.com/sets/small/41775-7.jpg,Unikitty!,Blind bags series 1,2018,5.0,492,220
41775,Camouflage Unikitty,https://images.brickset.com/sets/small/41775-8.jpg,Unikitty!,Blind bags series 1,2018,,513,223
41775,Alien Puppycorn,https://images.brickset.com/sets/small/41775-9.jpg,Unikitty!,Blind bags series 1,2018,3.0,467,190
41775,Sleepy Unikitty,https://images.brickset.com/sets/small/41775-10.jpg,Unikitty!,Blind bags series 1,2018,4.0,513,220
41775,Queasy Unikitty,https://images.brickset.com/sets/small/41775-11.jpg,Unikitty!,Blind bags series 1,2018,,517,203
41775,Dessert Puppycorn,https://images.brickset.com/sets/small/41775-12.jpg,Unikitty!,Blind bags series 1,2018,3.5,465,199
41775,Unikitty! blind bags series 1 - Complete,https://images.brickset.com/sets/small/41775-13.jpg,Unikitty!,Blind bags series 1,2018,,220,346
41775,Unikitty! blind bags series 1 - Sealed Box,https://images.brickset.com/sets/small/41775-14.jpg,Unikitty!,Blind bags series 1,2018,,21,77
42071,Dozer Compactor,https://images.brickset.com/sets/small/42071-1.jpg,Technic,,2018,5.0,754,343
42072,WHACK!,https://images.brickset.com/sets/small/42072-1.jpg,Technic,,2018,,660,281
42073,BASH!,https://images.brickset.com/sets/small/42073-1.jpg,Technic,,2018,,694,276
42074,Racing Yacht,https://images.brickset.com/sets/small/42074-1.jpg,Technic,,2018,5.0,1325,760
42075,First Responder,https://images.brickset.com/sets/small/42075-1.jpg,Technic,,2018,3.5,705,403
42076,Hovercraft,https://images.brickset.com/sets/small/42076-1.jpg,Technic,,2018,2.0,500,486
42077,Rally Car,https://images.brickset.com/sets/small/42077-1.jpg,Technic,,2018,5.0,1267,1004
42078,Mack Anthem,https://images.brickset.com/sets/small/42078-1.jpg,Technic,,2018,5.0,2168,1769
42079,Heavy Duty Forklift,https://images.brickset.com/sets/small/42079-1.jpg,Technic,,2018,3.0,415,726
42080,Forest Harvester,https://images.brickset.com/sets/small/42080-1.jpg,Technic,,2018,,277,789
42081,Volvo Concept Wheel Loader ZEUX,https://images.brickset.com/sets/small/42081-1.jpg,Technic,,2018,4.5,330,891
42082,Rough Terrain Crane,https://images.brickset.com/sets/small/42082-1.jpg,Technic,,2018,4.0,713,1530
42083,Bugatti Chiron,https://images.brickset.com/sets/small/42083-1.jpg,Technic,,2018,4.5,1212,2086
42084,Hook Loader,https://images.brickset.com/sets/small/42084-1.jpg,Technic,,2018,5.0,922,226
45025,Coding Express,https://images.brickset.com/sets/small/45025-1.jpg,Education,,2018,,2,14
45806,FIRST LEGO League (FLL) Challenge 2018 - Into Orbit,,Miscellaneous,FIRST LEGO League,2018,,2,4
45807,Mission Moon,https://images.brickset.com/sets/small/45807-1.jpg,Education,FIRST LEGO League Jr.,2018,,,
60170,Off-Road Chase,https://images.brickset.com/sets/small/60170-1.jpg,City,Mountain Police,2018,2.7,1678,468
60171,Mountain Fugitives,https://images.brickset.com/sets/small/60171-1.jpg,City,Mountain Police,2018,4.2,2234,707
60172,Dirt Road Pursuit,https://images.brickset.com/sets/small/60172-1.jpg,City,Mountain Police,2018,,638,536
60173,Mountain Arrest,https://images.brickset.com/sets/small/60173-1.jpg,City,Mountain Police,2018,4.0,701,838
60174,Mountain Police Headquarters,https://images.brickset.com/sets/small/60174-1.jpg,City,Mountain Police,2018,,724,866
60175,Mountain River Heist,https://images.brickset.com/sets/small/60175-1.jpg,City,Mountain Police,2018,,326,675
60176,Wild River Escape,https://images.brickset.com/sets/small/60176-1.jpg,City,Mountain Police,2018,,917,598
60177,Airshow Jet,https://images.brickset.com/sets/small/60177-1.jpg,City,General,2018,4.7,1473,496
60178,Speed Record Car,https://images.brickset.com/sets/small/60178-1.jpg,City,Traffic,2018,2.5,1206,466
60179,Ambulance Helicopter,https://images.brickset.com/sets/small/60179-1.jpg,City,Medical,2018,5.0,1269,798
60180,Monster Truck,https://images.brickset.com/sets/small/60180-1.jpg,City,Traffic,2018,4.0,1466,659
60181,Forest Tractor,https://images.brickset.com/sets/small/60181-1.jpg,City,General,2018,,2522,1091
60182,Pickup & Caravan,https://images.brickset.com/sets/small/60182-1.jpg,City,Traffic,2018,5.0,2642,1469
60183,Heavy Cargo Transport,https://images.brickset.com/sets/small/60183-1.jpg,City,Traffic,2018,4.4,1397,824
60184,Mining Team,https://images.brickset.com/sets/small/60184-1.jpg,City,Mining,2018,4.0,1736,636
60185,Mining Power Splitter,https://images.brickset.com/sets/small/60185-1.jpg,City,Mining,2018,,802,568
60186,Mining Heavy Driller,https://images.brickset.com/sets/small/60186-1.jpg,City,Mining,2018,,630,686
60188,Mining Experts Site,https://images.brickset.com/sets/small/60188-1.jpg,City,Mining,2018,4.0,627,869
60190,Arctic Ice Glider,https://images.brickset.com/sets/small/60190-1.jpg,City,Arctic,2018,5.0,814,590
60191,Arctic Exploration Team,https://images.brickset.com/sets/small/60191-1.jpg,City,Arctic,2018,4.0,1159,793
60192,Arctic Ice Crawler,https://images.brickset.com/sets/small/60192-1.jpg,City,Arctic,2018,4.0,580,756
60193,Arctic Air Transport,https://images.brickset.com/sets/small/60193-1.jpg,City,Arctic,2018,4.0,805,915
60194,Arctic Scout Truck,https://images.brickset.com/sets/small/60194-1.jpg,City,Arctic,2018,5.0,455,884
60195,Arctic Mobile Exploration Base,https://images.brickset.com/sets/small/60195-1.jpg,City,Arctic,2018,5.0,416,1152
60196,Arctic Supply Plane,https://images.brickset.com/sets/small/60196-1.jpg,City,Arctic,2018,5.0,256,911
60197,Passenger Train,https://images.brickset.com/sets/small/60197-1.jpg,City,Trains,2018,2.0,648,1788
60198,Cargo Train,https://images.brickset.com/sets/small/60198-1.jpg,City,Trains,2018,,446,1781
60200,Capital City,https://images.brickset.com/sets/small/60200-1.jpg,City,General,2018,,301,1810
60201,City Advent Calendar,https://images.brickset.com/sets/small/60201-1.jpg,City,Seasonal,2018,,467,710
60202,People Pack - Outdoor Adventures,https://images.brickset.com/sets/small/60202-1.jpg,City,General,2018,4.0,1481,2250
60204,City Hospital,https://images.brickset.com/sets/small/60204-1.jpg,City,Medical,2018,5.0,914,1838
60205,Tracks,https://images.brickset.com/sets/small/60205-1.jpg,City,Trains,2018,,312,646
60238,Switch Tracks,https://images.brickset.com/sets/small/60238-1.jpg,City,Trains,2018,,214,490
66591,2-in-1 Value Pack: Han Solo & Chewbacca ,https://images.brickset.com/sets/small/66591-1.jpg,BrickHeadz,,2018,,7,59
70633,Kai - Spinjitzu Master,https://images.brickset.com/sets/small/70633-1.jpg,Ninjago,Spinjitzu Masters,2018,,521,168
70634,Nya - Spinjitzu Master,https://images.brickset.com/sets/small/70634-1.jpg,Ninjago,Spinjitzu Masters,2018,5.0,346,165
70635,Jay - Spinjitzu Master,https://images.brickset.com/sets/small/70635-1.jpg,Ninjago,Spinjitzu Masters,2018,,474,170
70636,Zane - Spinjitzu Master,https://images.brickset.com/sets/small/70636-1.jpg,Ninjago,Spinjitzu Masters,2018,3.0,410,172
70637,Cole - Spinjitzu Master,https://images.brickset.com/sets/small/70637-1.jpg,Ninjago,Spinjitzu Masters,2018,,424,160
70638,Katana V11,https://images.brickset.com/sets/small/70638-1.jpg,Ninjago,Sons of Garmadon,2018,4.6,788,313
70639,Street Race of Snake Jaguar,https://images.brickset.com/sets/small/70639-1.jpg,Ninjago,Sons of Garmadon,2018,5.0,639,340
70640,S.O.G. Headquarters,https://images.brickset.com/sets/small/70640-1.jpg,Ninjago,Sons of Garmadon,2018,4.7,374,246
70641,Ninja Nightcrawler,https://images.brickset.com/sets/small/70641-1.jpg,Ninjago,Sons of Garmadon,2018,5.0,597,428
70642,Killow vs. Samurai X,https://images.brickset.com/sets/small/70642-1.jpg,Ninjago,Sons of Garmadon,2018,4.5,485,429
70643,Temple of Resurrection,https://images.brickset.com/sets/small/70643-1.jpg,Ninjago,Sons of Garmadon,2018,5.0,1047,794
70644,Golden Dragon Master,https://images.brickset.com/sets/small/70644-1.jpg,Ninjago,Dragon Masters,2018,,277,235
70645,Cole - Dragon Master,https://images.brickset.com/sets/small/70645-1.jpg,Ninjago,Dragon Masters,2018,,112,190
70646,Jay - Dragon Master,https://images.brickset.com/sets/small/70646-1.jpg,Ninjago,Dragon Masters,2018,,117,209
70647,Kai - Dragon Master,https://images.brickset.com/sets/small/70647-1.jpg,Ninjago,Dragon Masters ,2018,,115,198
70648,Zane - Dragon Master,https://images.brickset.com/sets/small/70648-1.jpg,Ninjago,Dragon Masters,2018,3.0,119,193
70649,Nya - Dragon Master,,Ninjago,Dragon Masters ,2018,,,
70650,Destiny's Wing,https://images.brickset.com/sets/small/70650-1.jpg,Ninjago,Hunted,2018,,310,385
70651,Throne Room Showdown,https://images.brickset.com/sets/small/70651-1.jpg,Ninjago,Hunted,2018,5.0,516,523
70652,Stormbringer,https://images.brickset.com/sets/small/70652-1.jpg,Ninjago,Hunted,2018,5.0,510,658
70653,Firstbourne,https://images.brickset.com/sets/small/70653-1.jpg,Ninjago,Hunted,2018,5.0,319,651
70654,Dieselnaut,https://images.brickset.com/sets/small/70654-1.jpg,Ninjago,Hunted,2018,3.5,227,677
70655,Dragon Pit,https://images.brickset.com/sets/small/70655-1.jpg,Ninjago,Hunted,2018,,204,690
70657,NINJAGO City Docks,https://images.brickset.com/sets/small/70657-1.jpg,The LEGO Ninjago Movie,,2018,5.0,1311,2453
70658,Oni Titan,https://images.brickset.com/sets/small/70658-1.jpg,Ninjago,Hunted,2018,,166,607
70918,The Bat-Dune Buggy,https://images.brickset.com/sets/small/70918-1.jpg,The LEGO Batman Movie,,2018,5.0,1473,933
70919,The Justice League Anniversary Party,https://images.brickset.com/sets/small/70919-1.jpg,The LEGO Batman Movie,,2018,3.5,2019,1226
70920,Egghead Mech Food Fight,https://images.brickset.com/sets/small/70920-1.jpg,The LEGO Batman Movie,,2018,4.5,1994,1087
70921,Harley Quinn Cannonball Attack,https://images.brickset.com/sets/small/70921-1.jpg,The LEGO Batman Movie,,2018,5.0,1357,977
70923,The Bat-Space Shuttle,https://images.brickset.com/sets/small/70923-1.jpg,The LEGO Batman Movie,,2018,5.0,1733,1378
71020,LEGO Minifigures - The LEGO Batman Movie Series 2 {Random bag},https://images.brickset.com/sets/small/71020-0.jpg,Collectable Minifigures,The LEGO Batman Movie series 2,2018,,388,138
71020,Friends are Family Harley Quinn,https://images.brickset.com/sets/small/71020-1.jpg,Collectable Minifigures,The LEGO Batman Movie series 2,2018,,2677,445
71020,Friends are Family Alfred,https://images.brickset.com/sets/small/71020-2.jpg,Collectable Minifigures,The LEGO Batman Movie series 2,2018,,2542,463
71020,Clock King,https://images.brickset.com/sets/small/71020-3.jpg,Collectable Minifigures,The LEGO Batman Movie series 2,2018,,2839,445
71020,Professor Hugo Strange,https://images.brickset.com/sets/small/71020-4.jpg,Collectable Minifigures,The LEGO Batman Movie series 2,2018,,2646,510
71020,Mermaid Batman,https://images.brickset.com/sets/small/71020-5.jpg,Collectable Minifigures,The LEGO Batman Movie series 2,2018,,2674,437
71020,Swimming Pool Batman,https://images.brickset.com/sets/small/71020-6.jpg,Collectable Minifigures,The LEGO Batman Movie series 2,2018,,3135,527
71020,Tropical Joker,https://images.brickset.com/sets/small/71020-7.jpg,Collectable Minifigures,The LEGO Batman Movie series 2,2018,,2993,545
71020,Vacation Robin,https://images.brickset.com/sets/small/71020-8.jpg,Collectable Minifigures,The LEGO Batman Movie series 2,2018,,2611,466
71020,Vacation Batgirl,https://images.brickset.com/sets/small/71020-9.jpg,Collectable Minifigures,The LEGO Batman Movie series 2,2018,,2602,384
71020,Vacation Alfred,https://images.brickset.com/sets/small/71020-10.jpg,Collectable Minifigures,The LEGO Batman Movie series 2,2018,,2550,409
71020,Soccer Mom Batgirl,https://images.brickset.com/sets/small/71020-11.jpg,Collectable Minifigures,The LEGO Batman Movie series 2,2018,5.0,2644,438
71020,Killer Moth,https://images.brickset.com/sets/small/71020-12.jpg,Collectable Minifigures,The LEGO Batman Movie series 2,2018,4.0,2624,391
71020,Wonder Twin (Jayna),https://images.brickset.com/sets/small/71020-13.jpg,Collectable Minifigures,The LEGO Batman Movie series 2,2018,,2629,455
71020,Wonder Twin (Zan),https://images.brickset.com/sets/small/71020-14.jpg,Collectable Minifigures,The LEGO Batman Movie series 2,2018,,2564,434
71020,Apache Chief,https://images.brickset.com/sets/small/71020-15.jpg,Collectable Minifigures,The LEGO Batman Movie series 2,2018,,2643,467
71020,Jor-El,https://images.brickset.com/sets/small/71020-16.jpg,Collectable Minifigures,The LEGO Batman Movie series 2,2018,,3091,522
71020,General Zod,https://images.brickset.com/sets/small/71020-17.jpg,Collectable Minifigures,The LEGO Batman Movie series 2,2018,,2635,496
71020,Doctor Phosphorus,https://images.brickset.com/sets/small/71020-18.jpg,Collectable Minifigures,The LEGO Batman Movie series 2,2018,,2684,515
71020,Black Canary,https://images.brickset.com/sets/small/71020-19.jpg,Collectable Minifigures,The LEGO Batman Movie series 2,2018,,2830,542
71020,Black Vulcan,https://images.brickset.com/sets/small/71020-20.jpg,Collectable Minifigures,The LEGO Batman Movie series 2,2018,,2596,477
71020,LEGO Minifigures - The LEGO Batman Movie Series 2 - Complete,https://images.brickset.com/sets/small/71020-21.jpg,Collectable Minifigures,The LEGO Batman Movie series 2,2018,,1444,327
71020,LEGO Minifigures - The LEGO Batman Movie Series 2 - Sealed Box,https://images.brickset.com/sets/small/71020-22.jpg,Collectable Minifigures,The LEGO Batman Movie series 2,2018,,141,98
71021,LEGO Minifigures - Series 18 {Random bag},https://images.brickset.com/sets/small/71021-0.jpg,Collectable Minifigures,Series 18,2018,,330,111
71021,Elephant Girl,https://images.brickset.com/sets/small/71021-1.jpg,Collectable Minifigures,Series 18,2018,,3208,499
71021,Brick Suit Guy,https://images.brickset.com/sets/small/71021-2.jpg,Collectable Minifigures,Series 18,2018,4.5,3733,485
71021,Brick Suit Girl,https://images.brickset.com/sets/small/71021-3.jpg,Collectable Minifigures,Series 18,2018,4.0,3678,463
71021,Party Clown,https://images.brickset.com/sets/small/71021-4.jpg,Collectable Minifigures,Series 18,2018,5.0,3357,527
71021,Firework Guy,https://images.brickset.com/sets/small/71021-5.jpg,Collectable Minifigures,Series 18,2018,,3394,396
71021,Birthday Party Girl,https://images.brickset.com/sets/small/71021-6.jpg,Collectable Minifigures,Series 18,2018,,2963,461
71021,Dragon Suit Guy,https://images.brickset.com/sets/small/71021-7.jpg,Collectable Minifigures,Series 18,2018,5.0,3510,611
71021,Classic Police Officer,https://images.brickset.com/sets/small/71021-8.jpg,Collectable Minifigures,Series 18,2018,4.7,2544,918
71021,Spider Suit Boy,https://images.brickset.com/sets/small/71021-9.jpg,Collectable Minifigures,Series 18,2018,4.0,3186,380
71021,Birthday Cake Guy,https://images.brickset.com/sets/small/71021-10.jpg,Collectable Minifigures,Series 18,2018,5.0,3425,444
71021,Cactus Girl,https://images.brickset.com/sets/small/71021-11.jpg,Collectable Minifigures,Series 18,2018,5.0,3335,528
71021,Cat Costume Girl,https://images.brickset.com/sets/small/71021-12.jpg,Collectable Minifigures,Series 18,2018,,2968,426
71021,Race Car Guy,https://images.brickset.com/sets/small/71021-13.jpg,Collectable Minifigures,Series 18,2018,,3225,514
71021,Flower Pot Girl,https://images.brickset.com/sets/small/71021-14.jpg,Collectable Minifigures,Series 18,2018,3.0,3437,445
71021,Cowboy Costume Guy,https://images.brickset.com/sets/small/71021-15.jpg,Collectable Minifigures,Series 18,2018,,3351,511
71021,Birthday Party Boy,https://images.brickset.com/sets/small/71021-16.jpg,Collectable Minifigures,Series 18,2018,5.0,3090,481
71021,Unicorn Guy,https://images.brickset.com/sets/small/71021-17.jpg,Collectable Minifigures,Series 18,2018,,3277,531
71021,LEGO Minifigures - Series 18 - Complete,https://images.brickset.com/sets/small/71021-18.jpg,Collectable Minifigures,Series 18,2018,2.0,1397,317
71021,LEGO Minifigures - Series 18 - Sealed Box,https://images.brickset.com/sets/small/71021-19.jpg,Collectable Minifigures,Series 18,2018,,258,126
71022,LEGO Minifigures - Harry Potter and Fantastic Beasts Series 1 - Random bag,https://images.brickset.com/sets/small/71022-0.jpg,Collectable Minifigures,Wizarding World,2018,,276,205
71022,Harry Potter,https://images.brickset.com/sets/small/71022-1.jpg,Collectable Minifigures,Wizarding World,2018,,2125,459
71022,Hermione Granger,https://images.brickset.com/sets/small/71022-2.jpg,Collectable Minifigures,Wizarding World,2018,2.5,2103,418
71022,Ron Weasley,https://images.brickset.com/sets/small/71022-3.jpg,Collectable Minifigures,Wizarding World,2018,,2094,403
71022,Draco Malfoy,https://images.brickset.com/sets/small/71022-4.jpg,Collectable Minifigures,Wizarding World,2018,,2034,351
71022,Luna Lovegood,https://images.brickset.com/sets/small/71022-5.jpg,Collectable Minifigures,Wizarding World,2018,4.0,1888,429
71022,Neville Longbottom,https://images.brickset.com/sets/small/71022-6.jpg,Collectable Minifigures,Wizarding World,2018,5.0,2128,382
71022,Cho Chang,https://images.brickset.com/sets/small/71022-7.jpg,Collectable Minifigures,Wizarding World,2018,,2068,399
71022,Dean Thomas,https://images.brickset.com/sets/small/71022-8.jpg,Collectable Minifigures,Wizarding World,2018,,1986,328
71022,Lord Voldemort,https://images.brickset.com/sets/small/71022-9.jpg,Collectable Minifigures,Wizarding World,2018,,2251,415
71022,Dobby,https://images.brickset.com/sets/small/71022-10.jpg,Collectable Minifigures,Wizarding World,2018,,2119,392
71022,Professor Sybill Trelawney,https://images.brickset.com/sets/small/71022-11.jpg,Collectable Minifigures,Wizarding World,2018,5.0,1970,447
71022,Cedric Diggory,https://images.brickset.com/sets/small/71022-12.jpg,Collectable Minifigures,Wizarding World,2018,3.0,2055,319
71022,Professor Filius Flitwick,https://images.brickset.com/sets/small/71022-13.jpg,Collectable Minifigures,Wizarding World,2018,,2013,362
71022,Alastor 'Mad-Eye' Moody,https://images.brickset.com/sets/small/71022-14.jpg,Collectable Minifigures,Wizarding World,2018,2.0,2197,401
71022,Harry Potter (Invisibility Cloak),https://images.brickset.com/sets/small/71022-15.jpg,Collectable Minifigures,Wizarding World,2018,5.0,1801,484
71022,Professor Albus Dumbledore,https://images.brickset.com/sets/small/71022-16.jpg,Collectable Minifigures,Wizarding World,2018,,2277,409
71022,Newt Scamander,https://images.brickset.com/sets/small/71022-17.jpg,Collectable Minifigures,Wizarding World,2018,,2107,418
71022,Tina Goldstein,https://images.brickset.com/sets/small/71022-18.jpg,Collectable Minifigures,Wizarding World,2018,,1957,349
71022,Jacob Kowalski,https://images.brickset.com/sets/small/71022-19.jpg,Collectable Minifigures,Wizarding World,2018,4.0,2008,353
71022,Queenie Goldstein,https://images.brickset.com/sets/small/71022-20.jpg,Collectable Minifigures,Wizarding World,2018,5.0,1945,332
71022,Credence Barebone,https://images.brickset.com/sets/small/71022-21.jpg,Collectable Minifigures,Wizarding World,2018,3.0,1657,340
71022,Percival Graves,https://images.brickset.com/sets/small/71022-22.jpg,Collectable Minifigures,Wizarding World,2018,4.0,1508,502
71022,LEGO Minifigures - Harry Potter and Fantastic Beasts Series 1 - Complete,https://images.brickset.com/sets/small/71022-23.jpg,Collectable Minifigures,Wizarding World,2018,,961,527
71022,LEGO Minifigures - Harry Potter and Fantastic Beasts Series 1 - Sealed box,https://images.brickset.com/sets/small/71022-24.jpg,Collectable Minifigures,Wizarding World,2018,,195,82
71043,Hogwarts Castle,https://images.brickset.com/sets/small/71043-1.jpg,Wizarding World,Harry Potter,2018,5.0,942,2807
72001,Lance's Hover Jouster,https://images.brickset.com/sets/small/72001-1.jpg,Nexo Knights,Season 5,2018,,430,279
72002,Twinfector,https://images.brickset.com/sets/small/72002-1.jpg,Nexo Knights,Season 5,2018,,511,281
72003,Berserker Bomber,https://images.brickset.com/sets/small/72003-1.jpg,Nexo Knights,Season 5,2018,5.0,495,357
72004,Tech Wizard Showdown,https://images.brickset.com/sets/small/72004-1.jpg,Nexo Knights,Season 5,2018,4.0,547,376
72005,Aaron's X-bow,https://images.brickset.com/sets/small/72005-1.jpg,Nexo Knights,Season 5,2018,,326,269
72006,Axl's Rolling Arsenal,https://images.brickset.com/sets/small/72006-1.jpg,Nexo Knights,Season 5,2018,,281,367
75181, Y-wing Starfighter,https://images.brickset.com/sets/small/75181-1.jpg,Star Wars,Ultimate Collector Series,2018,5.0,1931,2403
75193,Millennium Falcon Microfighter,https://images.brickset.com/sets/small/75193-1.jpg,Star Wars,MicroFighters,2018,4.7,4117,950
75194,First Order TIE Fighter Microfighter,https://images.brickset.com/sets/small/75194-1.jpg,Star Wars,MicroFighters,2018,4.5,3022,944
75195,Ski Speeder vs. First Order Walker Microfighters,https://images.brickset.com/sets/small/75195-1.jpg,Star Wars,MicroFighters,2018,4.0,3079,1006
75196,A-Wing vs. TIE Silencer Microfighters,https://images.brickset.com/sets/small/75196-1.jpg,Star Wars,MicroFighters,2018,4.7,3332,1058
75197,First Order Specialists Battle Pack,https://images.brickset.com/sets/small/75197-1.jpg,Star Wars,The Last Jedi,2018,3.8,3619,1336
75198,Tatooine Battle Pack,https://images.brickset.com/sets/small/75198-1.jpg,Star Wars,Episode IV,2018,4.5,4717,1570
75199,General Grievous' Combat Speeder,https://images.brickset.com/sets/small/75199-1.jpg,Star Wars,The Clone Wars,2018,2.0,2431,1229
75200,Ahch-To Island Training,https://images.brickset.com/sets/small/75200-1.jpg,Star Wars,The Last Jedi,2018,4.5,4967,1669
75201,First Order AT-ST,https://images.brickset.com/sets/small/75201-1.jpg,Star Wars,The Last Jedi,2018,3.7,1482,1114
75202,Defense of Crait,https://images.brickset.com/sets/small/75202-1.jpg,Star Wars,The Last Jedi,2018,4.0,1724,1498
75203,Hoth Medical Chamber,https://images.brickset.com/sets/small/75203-1.jpg,Star Wars,Episode V,2018,5.0,1029,2017
75204,Sandspeeder,https://images.brickset.com/sets/small/75204-1.jpg,Star Wars,Legends,2018,4.0,2270,1454
75205,Mos Eisley Cantina,https://images.brickset.com/sets/small/75205-1.jpg,Star Wars,Episode IV,2018,3.0,2232,2080
75206,Jedi and Clone Troopers Battle Pack,https://images.brickset.com/sets/small/75206-1.jpg,Star Wars,Episode II,2018,3.5,3024,1599
75207,Imperial Patrol Battle Pack,https://images.brickset.com/sets/small/75207-1.jpg,Star Wars,Solo,2018,3.7,2939,1510
75208,Yoda's Hut,https://images.brickset.com/sets/small/75208-1.jpg,Star Wars,Episode V,2018,4.3,4183,2180
75209,Han Solo's Landspeeder,https://images.brickset.com/sets/small/75209-1.jpg,Star Wars,Solo,2018,5.0,3101,1509
75210,Moloch's Landspeeder,https://images.brickset.com/sets/small/75210-1.jpg,Star Wars,Solo,2018,3.0,1595,1259
75211,Imperial TIE Fighter,https://images.brickset.com/sets/small/75211-1.jpg,Star Wars,Solo,2018,4.3,2074,2101
75212,Kessel Run Millennium Falcon,https://images.brickset.com/sets/small/75212-1.jpg,Star Wars,Solo,2018,3.0,1578,2106
75213,Star Wars Advent Calendar,https://images.brickset.com/sets/small/75213-1.jpg,Star Wars,Seasonal,2018,,807,1606
75214,Anakin's Jedi Starfighter,https://images.brickset.com/sets/small/75214-1.jpg,Star Wars,The Clone Wars,2018,5.0,1076,1446
75215,Cloud-Rider Swoop Bikes,https://images.brickset.com/sets/small/75215-1.jpg,Star Wars,Solo,2018,5.0,1348,1345
75216,Snoke's Throne Room,https://images.brickset.com/sets/small/75216-1.jpg,Star Wars,The Last Jedi,2018,5.0,617,2098
75217,Imperial Conveyex Transport,https://images.brickset.com/sets/small/75217-1.jpg,Star Wars,Solo,2018,,513,1477
75218,X-wing Starfighter,https://images.brickset.com/sets/small/75218-1.jpg,Star Wars,Episode IV,2018,4.0,1184,2613
75219,Imperial AT-Hauler,https://images.brickset.com/sets/small/75219-1.jpg,Star Wars,Solo,2018,4.0,557,1465
75220,Sandcrawler,https://images.brickset.com/sets/small/75220-1.jpg,Star Wars,Episode IV,2018,,548,1850
75221,Imperial Landing Craft,https://images.brickset.com/sets/small/75221-1.jpg,Star Wars,Episode IV,2018,,364,1882
75222,Betrayal at Cloud City,https://images.brickset.com/sets/small/75222-1.jpg,Star Wars,Master Builder Series,2018,5.0,265,2216
75230,Porg,https://images.brickset.com/sets/small/75230-1.jpg,Star Wars,The Last Jedi,2018,,363,1143
75251,Darth Vader's Castle,https://images.brickset.com/sets/small/75251-1.jpg,Star Wars,,2018,,40,890
75512,Millennium Falcon Cockpit,https://images.brickset.com/sets/small/75512-1.jpg,Star Wars,Promotional,2018,,107,735
75533,Boba Fett,https://images.brickset.com/sets/small/75533-1.jpg,Star Wars,Buildable Figures,2018,4.0,2182,1411
75534,Darth Vader,https://images.brickset.com/sets/small/75534-1.jpg,Star Wars,Buildable Figures,2018,,1458,1175
75535,Han Solo,https://images.brickset.com/sets/small/75535-1.jpg,Star Wars,Buildable Figures,2018,,613,650
75536,Range Trooper,https://images.brickset.com/sets/small/75536-1.jpg,Star Wars,Buildable Figures,2018,,936,868
75537,Darth Maul,https://images.brickset.com/sets/small/75537-1.jpg,Star Wars,Buildable Figures,2018,5.0,1030,988
75538,Super Battle Droid,,Star Wars,Buildable Figures,2018,,,
75539,501st Legion Clone Trooper & AT-RT Walker,,Star Wars,Buildable Figures,2018,,,
75884,1968 Ford Mustang Fastback,https://images.brickset.com/sets/small/75884-1.jpg,Speed Champions,Ford,2018,5.0,3179,1031
75885,Ford Fiesta M-Sport WRC,https://images.brickset.com/sets/small/75885-1.jpg,Speed Champions,Ford,2018,4.5,2701,939
75886,Ferrari 488 GT3 Scuderia Corsa,https://images.brickset.com/sets/small/75886-1.jpg,Speed Champions,Ferrari,2018,,2233,868
75887,Porsche 919 Hybrid,https://images.brickset.com/sets/small/75887-1.jpg,Speed Champions,Porsche,2018,,2016,805
75888,Porsche 911 RSR and 911 Turbo 3.0,https://images.brickset.com/sets/small/75888-1.jpg,Speed Champions,Porsche,2018,4.0,1912,1119
75889,Ferrari Ultimate Garage,https://images.brickset.com/sets/small/75889-1.jpg,Speed Champions,Ferrari,2018,,907,1204
75926,Pteranodon Chase,https://images.brickset.com/sets/small/75926-1.jpg,Jurassic World,Fallen Kingdom,2018,4.0,1125,791
75927,Stygimoloch Breakout,https://images.brickset.com/sets/small/75927-1.jpg,Jurassic World,Fallen Kingdom,2018,5.0,1259,928
75928,Blue's Helicopter Pursuit,https://images.brickset.com/sets/small/75928-1.jpg,Jurassic World,Fallen Kingdom,2018,,953,873
75929,Carnotaurus Gyrosphere Escape,https://images.brickset.com/sets/small/75929-1.jpg,Jurassic World,Fallen Kingdom,2018,5.0,1123,1022
75930,Indoraptor Rampage at Lockwood Estate,https://images.brickset.com/sets/small/75930-1.jpg,Jurassic World,Fallen Kingdom,2018,2.0,797,1199
75931,Dilophosaurus Outpost Attack,https://images.brickset.com/sets/small/75931-1.jpg,Jurassic World,Fallen Kingdom,2018,4.0,854,908
75932,Jurassic Park Velociraptor Chase ,https://images.brickset.com/sets/small/75932-1.jpg,Jurassic World,Jurassic Park,2018,5.0,1796,1221
75933,T. Rex Transport,https://images.brickset.com/sets/small/75933-1.jpg,Jurassic World,Fallen Kingdom,2018,5.0,783,1043
75950,Aragog's Lair,https://images.brickset.com/sets/small/75950-1.jpg,Wizarding World,Harry Potter,2018,4.3,2137,1446
75951,Grindelwald's Escape,https://images.brickset.com/sets/small/75951-1.jpg,Wizarding World,Fantastic Beasts,2018,4.0,1618,1679
75952,Newt's Case of Magical Creatures,https://images.brickset.com/sets/small/75952-1.jpg,Wizarding World,Fantastic Beasts,2018,,1422,1620
75953,Hogwarts Whomping Willow,https://images.brickset.com/sets/small/75953-1.jpg,Wizarding World,Harry Potter,2018,5.0,1903,2230
75954,Hogwarts Great Hall,https://images.brickset.com/sets/small/75954-1.jpg,Wizarding World,Harry Potter,2018,4.5,2001,2786
75955,Hogwarts Express,https://images.brickset.com/sets/small/75955-1.jpg,Wizarding World,Harry Potter,2018,,1751,2721
75956,Quidditch Match,https://images.brickset.com/sets/small/75956-1.jpg,Wizarding World,Harry Potter,2018,4.0,1481,1781
75987,Omnic Bastion,https://images.brickset.com/sets/small/75987-1.jpg,Overwatch,,2018,,67,146
75996,Aquaman and Storm,https://images.brickset.com/sets/small/75996-1.jpg,DC Comics Super Heroes,,2018,,57,350
75997,Ant-Man and the Wasp,https://images.brickset.com/sets/small/75997-1.jpg,Marvel Super Heroes,Promotional,2018,,57,409
76089,Mighty Micros: Scarlet Spider vs. Sandman,https://images.brickset.com/sets/small/76089-1.jpg,Marvel Super Heroes,Mighty Micros,2018,,984,539
76090,Mighty Micros: Star-Lord vs. Nebula,https://images.brickset.com/sets/small/76090-1.jpg,Marvel Super Heroes,Mighty Micros,2018,,1423,609
76091,Mighty Micros: Thor vs. Loki,https://images.brickset.com/sets/small/76091-1.jpg,Marvel Super Heroes,Mighty Micros,2018,,1219,575
76092,Mighty Micros: Batman vs. Harley Quinn,https://images.brickset.com/sets/small/76092-1.jpg,DC Comics Super Heroes,Mighty Micros,2018,,1211,620
76093,Mighty Micros: Nightwing vs. The Joker,https://images.brickset.com/sets/small/76093-1.jpg,DC Comics Super Heroes,Mighty Micros,2018,,1041,563
76094,Mighty Micros: Supergirl vs. Brainiac,https://images.brickset.com/sets/small/76094-1.jpg,DC Comics Super Heroes,Mighty Micros,2018,,1059,566
76095,Black Manta Strike ,https://images.brickset.com/sets/small/76095-1.jpg,DC Comics Super Heroes,DC Extended Universe,2018,,347,770
76096,Superman & Krypto Team-Up,https://images.brickset.com/sets/small/76096-1.jpg,DC Comics Super Heroes,Justice League,2018,4.0,1439,926
76097,Lex Luthor Mech Takedown,https://images.brickset.com/sets/small/76097-1.jpg,DC Comics Super Heroes,Justice League,2018,5.0,1168,1023
76098,Speed Force Freeze Pursuit,https://images.brickset.com/sets/small/76098-1.jpg,DC Comics Super Heroes,Justice League,2018,4.0,1300,1067
76099,Rhino Face-Off by the Mine,https://images.brickset.com/sets/small/76099-1.jpg,Marvel Super Heroes,Black Panther,2018,4.0,2405,897
76100,Royal Talon Fighter Attack,https://images.brickset.com/sets/small/76100-1.jpg,Marvel Super Heroes,Black Panther,2018,5.0,2047,960
76101,Outrider Dropship Attack,https://images.brickset.com/sets/small/76101-1.jpg,Marvel Super Heroes,Avengers: Infinity War,2018,4.7,3263,967
76102,Thor's Weapon Quest,https://images.brickset.com/sets/small/76102-1.jpg,Marvel Super Heroes,Avengers: Infinity War,2018,4.4,3768,1120
76103,Corvus Glaive Thresher Attack,https://images.brickset.com/sets/small/76103-1.jpg,Marvel Super Heroes,Avengers: Infinity War,2018,3.5,2066,1156
76104,The Hulkbuster Smash-Up,https://images.brickset.com/sets/small/76104-1.jpg,Marvel Super Heroes,Avengers: Infinity War,2018,5.0,2977,1239
76105,The Hulkbuster: Ultron Edition,https://images.brickset.com/sets/small/76105-1.jpg,Marvel Super Heroes,Avengers: Age of Ultron,2018,4.0,2168,1797
76107,Thanos: Ultimate Battle,https://images.brickset.com/sets/small/76107-1.jpg,Marvel Super Heroes,Avengers: Infinity War,2018,4.8,2679,1488
76108,Sanctum Sanctorum Showdown,https://images.brickset.com/sets/small/76108-1.jpg,Marvel Super Heroes,Avengers: Infinity War,2018,4.8,2603,2351
76109,Quantum Realm Explorers,https://images.brickset.com/sets/small/76109-1.jpg,Marvel Super Heroes,Ant-Man,2018,4.0,1684,1390
76110,Batman: The Attack of the Talons,https://images.brickset.com/sets/small/76110-1.jpg,DC Comics Super Heroes,Batman,2018,,546,919
76111,Batman: Brother Eye Takedown,https://images.brickset.com/sets/small/76111-1.jpg,DC Comics Super Heroes,Batman,2018,3.0,516,974
76112,App-Controlled Batmobile,https://images.brickset.com/sets/small/76112-1.jpg,DC Comics Super Heroes,Batman,2018,,377,958
88005,Headlight Set,https://images.brickset.com/sets/small/88005-1.jpg,Powered Up,,2018,,27,149
853709,LEGO House upscaled mug,,Gear,Housewares,2018,,2,4
853744,Knightmare Batman Accessory Set ,https://images.brickset.com/sets/small/853744-1.jpg,DC Comics Super Heroes,,2018,,486,669
853747,Nya Mask,https://images.brickset.com/sets/small/853747-1.jpg,Gear,Role-Play Toys,2018,,7,11
853748,Nya Spear,https://images.brickset.com/sets/small/853748-1.jpg,Gear,Role-Play Toys,2018,,7,14
853749,Kai Katanas with Sheath,https://images.brickset.com/sets/small/853749-1.jpg,Gear,Role-Play Toys,2018,,9,11
853751,Lloyd Mask,https://images.brickset.com/sets/small/853751-1.jpg,Gear,Role-Play Toys,2018,,7,8
853753,Shuriken Claw,https://images.brickset.com/sets/small/853753-1.jpg,Gear,Role-Play Toys,2018,,4,12
853756,Lady Iron Dragon Key Chain,https://images.brickset.com/sets/small/853756-1.jpg,Gear,Key Chains/The LEGO Ninjago Movie,2018,,37,44
853757,Lord Garmadon Key Chain,https://images.brickset.com/sets/small/853757-1.jpg,Gear,Key Chains/The LEGO Ninjago Movie,2018,,36,44
853758,Jay's Kendo Training Pod,https://images.brickset.com/sets/small/853758-1.jpg,Ninjago,Sons of Garmadon,2018,,497,275
853759,Cole's Kendo Training Pod,https://images.brickset.com/sets/small/853759-1.jpg,Ninjago,Sons of Garmadon,2018,,493,268
853760,Spinjitzu Stunt Ramp,https://images.brickset.com/sets/small/853760-1.jpg,Gear,Miscellaneous,2018,,16,21
853762,NINJAGO MOVIE Tumbler,https://images.brickset.com/sets/small/853762-1.jpg,Gear,Housewares,2018,,9,16
853763,NINJAGO MOVIE Hydr Bottle,https://images.brickset.com/sets/small/853763-1.jpg,Gear,Housewares,2018,,16,14
853764,Lloyd Minifigure Plush,https://images.brickset.com/sets/small/853764-1.jpg,Gear,Plush,2018,,10,19
853765,Master Wu Minifigure Plush,https://images.brickset.com/sets/small/853765-1.jpg,Gear,Plush,2018,,13,23
853767,Star Destroyer Bag Charm,https://images.brickset.com/sets/small/853767-1.jpg,Gear,Key Chains/Star Wars,2018,,172,90
853768,Landspeeder Bag Charm,https://images.brickset.com/sets/small/853768-1.jpg,Gear,Key Chains/Star Wars,2018,,69,68
853769,Han Solo Key Chain,https://images.brickset.com/sets/small/853769-1.jpg,Gear,Key Chains/Star Wars,2018,,76,57
853770,BB-9E Key Chain,https://images.brickset.com/sets/small/853770-1.jpg,Gear,Key Chains/Star Wars,2018,,77,57
853771,Black Panther Key Chain,https://images.brickset.com/sets/small/853771-1.jpg,Gear,Key Chains/Super Heroes,2018,,81,44
853772,Cyborg Key Chain,https://images.brickset.com/sets/small/853772-1.jpg,Gear,Key Chains/Super Heroes,2018,,51,40
853774,Olivia's Satellite Pod,https://images.brickset.com/sets/small/853774-1.jpg,Friends,Miscellaneous,2018,,117,138
853775,Andrea's DJ Pod,https://images.brickset.com/sets/small/853775-1.jpg,Friends,Miscellaneous,2018,,115,139
853776,Emma's Photo Studio Pod,https://images.brickset.com/sets/small/853776-1.jpg,Friends,Miscellaneous,2018,,124,139
853777,Mia's Exploration Pod,https://images.brickset.com/sets/small/853777-1.jpg,Friends,Miscellaneous,2018,,131,149
853778,Stephanie's Pool Pod,https://images.brickset.com/sets/small/853778-1.jpg,Friends,Miscellaneous,2018,,129,134
853780,Creative Rings,https://images.brickset.com/sets/small/853780-1.jpg,Gear,Jewellery,2018,,101,78
853781,Cinderella Key Chain,https://images.brickset.com/sets/small/853781-1.jpg,Gear,Key Chains/Disney,2018,,54,40
853782,Belle Key Chain,https://images.brickset.com/sets/small/853782-1.jpg,Gear,Key Chains/Disney,2018,,73,51
853788,Unikitty Activity Book,https://images.brickset.com/sets/small/853788-1.jpg,Gear,Books,2018,,8,13
853790,Unikitty Tumbler,https://images.brickset.com/sets/small/853790-1.jpg,Gear,Housewares,2018,,16,21
853791,Unikitty Hydration Bottle,https://images.brickset.com/sets/small/853791-1.jpg,Gear,Housewares,2018,,9,16
853792,Brick Separator Key Chain,https://images.brickset.com/sets/small/853792-1.jpg,Gear,Key Chains,2018,4.0,81,133
853793,2x4 Rose Gold Keyring,https://images.brickset.com/sets/small/853793-1.jpg,Gear,Key Chains/Brick,2018,,51,58
853794,Corn Cob Guy Key Chain,https://images.brickset.com/sets/small/853794-1.jpg,Gear,Key Chains,2018,,78,66
853795,Butterfly Girl Key Chain,https://images.brickset.com/sets/small/853795-1.jpg,Gear,Key Chains,2018,,57,50
853796,Penguin Holiday Ornament,https://images.brickset.com/sets/small/853796-1.jpg,Seasonal,Christmas,2018,,98,233
853797,Phone cover with studs,https://images.brickset.com/sets/small/853797-1.jpg,Gear,Phone cases,2018,,64,132
853798,Notebook with Studs 2018,https://images.brickset.com/sets/small/853798-1.jpg,Gear,Stationery,2018,,7,22
853810,Train Holiday Ornament,https://images.brickset.com/sets/small/853810-1.jpg,Seasonal,Christmas,2018,,17,231
853815,Gifts Holiday Ornament,https://images.brickset.com/sets/small/853815-1.jpg,Seasonal,Christmas,2018,,73,204
853816,Mountain Police Key Chain,https://images.brickset.com/sets/small/853816-1.jpg,Gear,Key Chains/City,2018,,26,32
853818,Steve Key Chain,https://images.brickset.com/sets/small/853818-1.jpg,Gear,Key Chains/Minecraft,2018,,39,29
853819,Alex Key Chain,https://images.brickset.com/sets/small/853819-1.jpg,Gear,Key Chains/Minecraft,2018,,24,25
853831,Police Handcuffs,https://images.brickset.com/sets/small/853831-1.jpg,Gear,Role-Play toys,2018,,7,7
853840,Road Playmat,https://images.brickset.com/sets/small/853840-1.jpg,Xtra,,2018,,54,190
853841,Sea Playmat,https://images.brickset.com/sets/small/853841-1.jpg,Xtra,,2018,,77,200
853842,Park Playmat,https://images.brickset.com/sets/small/853842-1.jpg,Xtra,,2018,,59,203
853843,Lester Keyring,,Gear,Key Chains/Miscellaneous,2018,,13,8
3850065,Parisian Guy,https://images.brickset.com/sets/small/3850065-1.jpg,Miscellaneous,Pick A Model,2018,,54,57
4000025,LEGO Ferguson Tractor,https://images.brickset.com/sets/small/4000025-1.jpg,Miscellaneous,LEGO Inside Tour Exclusive,2018,,34,376
4000026,LEGO House Tree of Creativity,https://images.brickset.com/sets/small/4000026-1.jpg,Promotional,LEGO House,2018,4.0,496,615
4000028,House,https://images.brickset.com/sets/small/4000028-1.jpg,Classic,,2018,,208,384
4000029,Windmill,https://images.brickset.com/sets/small/4000029-1.jpg,Classic,,2018,2.0,215,347
4000030,Truck,https://images.brickset.com/sets/small/4000030-1.jpg,Classic,,2018,,230,339
4000031,Exclusive T. rex,https://images.brickset.com/sets/small/4000031-1.jpg,Jurassic World,Fallen Kingdom,2018,,28,592
5005168,Jay Costume,https://images.brickset.com/sets/small/5005168-1.jpg,Gear,Role-play toys,2018,,1,3
5005171,Nya Costume,https://images.brickset.com/sets/small/5005171-1.jpg,Gear,Role-play toys,2018,,0,3
5005173,Kai Costume,https://images.brickset.com/sets/small/5005173-1.jpg,Gear,Role-play toys,2018,,0,3
5005230,Zane's Kendo Training Pod,https://images.brickset.com/sets/small/5005230-1.jpg,Ninjago,Sons of Garmadon,2018,,1508,300
5005231,Training Kit,https://images.brickset.com/sets/small/5005231-1.jpg,Ninjago,Promotional,2018,,19,75
5005233,Hamleys Royal Guard,https://images.brickset.com/sets/small/5005233-1.jpg,Promotional,Minifigure,2018,3.0,1469,754
5005236,Friends Clubhouse,https://images.brickset.com/sets/small/5005236-1.jpg,Friends,Miscellaneous,2018,,234,204
5005237,Friendship Rings,https://images.brickset.com/sets/small/5005237-1.jpg,Friends,,2018,,128,63
5005238,Pet Go-Kart Racers,https://images.brickset.com/sets/small/5005238-1.jpg,Friends,Promotional,2018,,,
5005239,Castle Room,https://images.brickset.com/sets/small/5005239-1.jpg,Unikitty!,Miscellaneous,2018,,387,141
5005244,Teen Groot,https://images.brickset.com/sets/small/5005244-1.jpg,Gear,Key Chains/Super Heroes,2018,4.0,1047,227
5005249,Easter Bunny Hut,https://images.brickset.com/sets/small/5005249-1.jpg,Seasonal,Easter,2018,4.0,3800,347
5005250,Party Banana Juice Bar,https://images.brickset.com/sets/small/5005250-1.jpg,Promotional,Minifigure,2018,,1463,539
5005251,Penguin Suit Girl,https://images.brickset.com/sets/small/5005251-1.jpg,Promotional,Minifigure,2018,,,
5005253,Christmas Ornament 2018 - Reindeer head,,Seasonal,Christmas,2018,,0,48
5005254,Harry Potter Minifigure Collection,https://images.brickset.com/sets/small/5005254-1.jpg,Wizarding World,Promotional,2018,,396,1138
5005255,Jurassic World Minifigure Collection,https://images.brickset.com/sets/small/5005255-1.jpg,Jurassic World,Promotional,2018,,274,599
5005256,Marvel Super Heroes Minifigure Collection,https://images.brickset.com/sets/small/5005256-1.jpg,Marvel Super Heroes,Promotional,2018,,169,1034
5005257,NINJAGO Minifigure Collection,https://images.brickset.com/sets/small/5005257-1.jpg,Ninjago,Promotional,2018,4.5,240,404
5005358,Minifigure Factory,https://images.brickset.com/sets/small/5005358-1.jpg,Promotional,LEGO brand stores,2018,4.3,3205,635
5005359,Minifigure Collector Frame,https://images.brickset.com/sets/small/5005359-1.jpg,Gear,Storage,2018,,,
5005376,Star Wars Anniversary Pod,https://images.brickset.com/sets/small/5005376-1.jpg,Star Wars,Promotional,2018,4.0,2755,991
5005406,Ninjago Movie Play & Display Case,https://images.brickset.com/sets/small/5005406-1.jpg,Gear,Storage,2018,,169,143
5005444 ,Millennium Falcon poster,https://images.brickset.com/sets/small/5005444 -1.jpg,Gear,Posters,2018,,35,14
5005445,Millennium Falcon poster,https://images.brickset.com/sets/small/5005445-1.jpg,Gear,Posters,2018,,29,14
5005470,BB 8 Figure Link Watch,https://images.brickset.com/sets/small/5005470-1.jpg,Gear,Watches/Clocks,2018,,10,14
5005472,Kylo Ren Minifigure Link Watch,https://images.brickset.com/sets/small/5005472-1.jpg,Gear,Watches/Clocks,2018,,2,12
5005473,Darth Vader Minifigure Link Watch,https://images.brickset.com/sets/small/5005473-1.jpg,Gear,Watches/Clocks,2018,,2,5
5005474,Stormtrooper Minifigure Link Watch,https://images.brickset.com/sets/small/5005474-1.jpg,Gear,Watches/Clocks,2018,,3,11
5005509,Brick Pouch Red,https://images.brickset.com/sets/small/5005509-1.jpg,Gear,Bags,2018,,0,12
5005510,Brick Pouch Pink,https://images.brickset.com/sets/small/5005510-1.jpg,Gear,Bags,2018,,0,8
5005511,Brick Pouch Orange,https://images.brickset.com/sets/small/5005511-1.jpg,Gear,Bags,2018,,2,4
5005512,Brick Pouch Green,https://images.brickset.com/sets/small/5005512-1.jpg,Gear,Bags,2018,,1,9
5005513,Brick Pouch Blue,https://images.brickset.com/sets/small/5005513-1.jpg,Gear,Bags,2018,,0,15
5005514,Brick Pouch Black,https://images.brickset.com/sets/small/5005514-1.jpg,Gear,Bags,2018,,1,12
5005515,Brick Lunch Bag Yellow,https://images.brickset.com/sets/small/5005515-1.jpg,Gear,Bags,2018,,0,12
5005516,Brick Lunch Bag Orange,https://images.brickset.com/sets/small/5005516-1.jpg,Gear,Bags,2018,,0,7
5005517,Brick Lunch Bag Navy,https://images.brickset.com/sets/small/5005517-1.jpg,Gear,Bags,2018,,0,11
5005518,Brick Lunch Bag Gray,https://images.brickset.com/sets/small/5005518-1.jpg,Gear,Bags,2018,,2,9
5005519,Brick Lunch Bag Green,https://images.brickset.com/sets/small/5005519-1.jpg,Gear,Bags,2018,,0,8
5005520,Brick Backpack Yellow,https://images.brickset.com/sets/small/5005520-1.jpg,Gear,Bags,2018,,1,15
5005521,Brick Backpack Orange,https://images.brickset.com/sets/small/5005521-1.jpg,Gear,Bags,2018,,0,10
5005523,Brick Backpack Navy,https://images.brickset.com/sets/small/5005523-1.jpg,Gear,Bags,2018,,1,14
5005524,Brick Backpack Gray,https://images.brickset.com/sets/small/5005524-1.jpg,Gear,Bags,2018,,0,13
5005525,Brick Backpack Green,https://images.brickset.com/sets/small/5005525-1.jpg,Gear,Bags,2018,,1,11
5005530,Brick Lunch Bag Pink,https://images.brickset.com/sets/small/5005530-1.jpg,Gear,Bags,2018,,0,7
5005531,Brick Lunch Bag Blue,https://images.brickset.com/sets/small/5005531-1.jpg,Gear,Bags,2018,,1,11
5005532,Brick Lunch Bag Red,https://images.brickset.com/sets/small/5005532-1.jpg,Gear,Bags,2018,,0,11
5005533,Brick Lunch Bag Black,https://images.brickset.com/sets/small/5005533-1.jpg,Gear,Bags,2018,,1,9
5005534,Brick Backpack Pink,https://images.brickset.com/sets/small/5005534-1.jpg,Gear,Bags,2018,,1,6
5005535,Brick Backpack Blue,https://images.brickset.com/sets/small/5005535-1.jpg,Gear,Bags,2018,4.0,1,16
5005536,Brick Backpack Red,https://images.brickset.com/sets/small/5005536-1.jpg,Gear,Bags,2018,,3,26
5005537,Brick Backpack Black,https://images.brickset.com/sets/small/5005537-1.jpg,Gear,Bags,2018,,1,19
5005539,Brick Pouch Yellow,https://images.brickset.com/sets/small/5005539-1.jpg,Gear,Bags,2018,,3,18
5005552,LEGO NINJAGO Easter Bundle,https://images.brickset.com/sets/small/5005552-1.jpg,Ninjago,Product Collection,2018,,6,33
5005553,LEGO Friends Easter Bundle,https://images.brickset.com/sets/small/5005553-1.jpg,Friends,Product Collection,2018,,8,25
5005554,LEGO City Easter Bundle,https://images.brickset.com/sets/small/5005554-1.jpg,City,Product Collection,2018,,13,49
5005573,Custom Marvel Art Print,https://images.brickset.com/sets/small/5005573-1.jpg,Gear,Posters,2018,5.0,572,62
5005574,Hulkbuster art print,https://images.brickset.com/sets/small/5005574-1.jpg,Gear,Posters,2018,,351,35
5005579,LEGO Erasers 3 Pack,https://images.brickset.com/sets/small/5005579-1.jpg,Gear,Stationery,2018,,8,15
5005580,LEGO Banana Guy Luggage Tag,https://images.brickset.com/sets/small/5005580-1.jpg,Gear,Bags,2018,,10,18
5005581,LEGO Brick Erasers 3 Pack,https://images.brickset.com/sets/small/5005581-1.jpg,Gear,Stationery,2018,,14,21
5005582,LEGO Hot Dog Guy Luggage Tag,https://images.brickset.com/sets/small/5005582-1.jpg,Gear,Bags,2018,,11,13
5005609,City Firefighter Minifigure Link Watch,https://images.brickset.com/sets/small/5005609-1.jpg,Gear,Watches/Clocks,2018,,0,0
5005611,Police Officer Minifigure Link Watch,https://images.brickset.com/sets/small/5005611-1.jpg,Gear,Watches/Clocks,2018,,1,3
5005613,Olivia Mini Doll Figure Link Watch,https://images.brickset.com/sets/small/5005613-1.jpg,Gear,Watches/Clocks,2018,,0,1
5005616,Stephanie Mini Doll Figure Link Watch,https://images.brickset.com/sets/small/5005616-1.jpg,Gear,Watches/Clocks,2018,,0,1
5005624,Y-Wing blueprint poster,https://images.brickset.com/sets/small/5005624-1.jpg,Gear,Posters,2018,5.0,419,117
5005625,LEGO Pencils 2 pack,https://images.brickset.com/sets/small/5005625-1.jpg,Gear,Stationery,2018,,10,20
5005665,Licence to build,https://images.brickset.com/sets/small/5005665-1.jpg,Gear,Miscellaneous,2018,,218,71
5005692,LEGO Ninjago Kai Minifigure Link Watch,https://images.brickset.com/sets/small/5005692-1.jpg,Gear,Watches/Clocks,2018,,0,2
5005693,LEGO Ninjago Lloyd Minifigure Link Watch,https://images.brickset.com/sets/small/5005693-1.jpg,Gear,Watches/Clocks,2018,,0,2
6252770,Leia Organa,https://images.brickset.com/sets/small/6252770-1.jpg,Star Wars,,2018,,48,152
6252808,Chewbacca,https://images.brickset.com/sets/small/6252808-1.jpg,Star Wars,,2018,,36,154
6252810,Han Solo,https://images.brickset.com/sets/small/6252810-1.jpg,Star Wars,,2018,,37,152
6252811,Obi-Wan Kenobi,https://images.brickset.com/sets/small/6252811-1.jpg,Star Wars,,2018,,35,154
6252812,Luke Skywalker,https://images.brickset.com/sets/small/6252812-1.jpg,Star Wars,,2018,,30,152
,Aquaman Rage of Atlantis,https://images.brickset.com/sets/small/AQUAMAN-1.jpg,Gear,Digital media,2018,,144,207
,Batman,https://images.brickset.com/sets/small/BAT211803-1.jpg,The LEGO Batman Movie,Magazine Gift,2018,,417,134
,Harley Quinn,https://images.brickset.com/sets/small/BAT211804 -1.jpg,The LEGO Batman Movie,Magazine Gift,2018,,463,150
,Blue,https://images.brickset.com/sets/small/BLUE-1.jpg,Jurassic World,,2018,1.0,14,81
,Candy Box,https://images.brickset.com/sets/small/CANDYBOX-1.jpg,Promotional,LEGO brand stores,2018,,76,62
,Creativity Box,https://images.brickset.com/sets/small/CBOX-1.jpg,Miscellaneous,,2018,,10,14
,Police Buggy,https://images.brickset.com/sets/small/CITY951805-1.jpg,City,Magazine Gift,2018,,519,111
,Miner,https://images.brickset.com/sets/small/CITY951806-1.jpg,City,Magazine Gift,2018,,371,146
,Race Car,https://images.brickset.com/sets/small/CITY951807-1.jpg,City,Magazine Gift,2018,,315,95
,Motorcycle and rider,https://images.brickset.com/sets/small/CITY951808-1.jpg,City,Magazine Gift,2018,,,
,Refuse operative,https://images.brickset.com/sets/small/CITY951809-1.jpg,City,Magazine Gift,2018,,28,31
,Dolphin and Crab,https://images.brickset.com/sets/small/FR471801-1.jpg,Friends,Magazine gift,2018,,62,40
,Andrea's fashion design studio,https://images.brickset.com/sets/small/FR561802-1.jpg,Friends,Magazine gift,2018,,113,53
,Ping-Pong table,https://images.brickset.com/sets/small/FR561803-1.jpg,Friends,Magazine gift,2018,,83,72
,Bunnies' Playground,,Friends,Magazine gift,2018,,,
,Veterinary Cabinet,https://images.brickset.com/sets/small/FR561805-1.jpg,Friends,Magazine gift,2018,,,
,Mia's Fruit Stall,,Friends,Magazine Gift,2018,,74,55
,Beach Shop,,Friends,Magazine gift,2018,,52,26
,Dog Hairdresser Salon,https://images.brickset.com/sets/small/FR561808-1.jpg,Friends,Magazine gift,2018,,50,29
,Andrea's Stage,,Friends,Magazine gift,2018,,23,22
,Disney Princess: Build Your Own Adventure,https://images.brickset.com/sets/small/ISBN0241318637-1.jpg,Books,Dorling Kindersley,2018,,21,66
,DC Super Heroes Visual Dictionary,https://images.brickset.com/sets/small/ISBN0241320038-1.jpg,Books,Dorling Kindersley,2018,3.0,115,334
,How To Build Brick Airplanes,https://images.brickset.com/sets/small/ISBN0760361649-1.jpg,Books,Motorbooks,2018,,5,100
,Brick by Brick Dinosaurs,https://images.brickset.com/sets/small/ISBN0762491477-1.jpg,Books,Weldon Owen,2018,,15,83
,The Official Justice League Training Manual ,https://images.brickset.com/sets/small/ISBN1338128124-1.jpg,Books,Scholastic,2018,,26,152
,LEGO Gadgets,https://images.brickset.com/sets/small/ISBN1338219634-1.jpg,Books,Scholastic,2018,,13,88
,Brick Pets,https://images.brickset.com/sets/small/ISBN1438011962-1.jpg,Books,Barron's Educational Series,2018,,5,47
,Brick Robots,https://images.brickset.com/sets/small/ISBN1438011970-1.jpg,Books,Barron's Educational Series,2018,,5,30
,LEGO Star Wars Ideas Book,https://images.brickset.com/sets/small/ISBN146546705X-1.jpg,Books,Dorling Kindersley,2018,5.0,27,194
,The LEGO Book - New Edition,https://images.brickset.com/sets/small/ISBN1465467149-1.jpg,Books,Dorling Kindersley,2018,,66,239
,Star Wars: Choose Your Path,https://images.brickset.com/sets/small/ISBN1465467564-1.jpg,Books,Dorling Kindersley,2018,,122,189
,Animal Atlas,https://images.brickset.com/sets/small/ISBN1465470131-1.jpg,Books,Dorling Kindersley,2018,,53,75
,Ninjago: Build Your Own Adventure: Greatest Ninja Battles,https://images.brickset.com/sets/small/ISBN1465473351-1.jpg,Books,Dorling Kindersley,2018,,24,93
,Build It! Dinosaurs:,https://images.brickset.com/sets/small/ISBN151326110X-1.jpg,Books,Graphic Arts Books,2018,,5,17
,Build It! Trains,https://images.brickset.com/sets/small/ISBN1513261134-1.jpg,Books,Graphic Arts Books,2018,,6,25
,Build It! Sea Life,https://images.brickset.com/sets/small/ISBN1513261169-1.jpg,Books,Graphic Arts Books,2018,,5,15
,Build It! Race Cars:,https://images.brickset.com/sets/small/ISBN1513261711-1.jpg,Books,Graphic Arts Books,2018,,4,15
,The LEGO Architecture Ideas Book,https://images.brickset.com/sets/small/ISBN1593278217-1.jpg,Books,No Starch Press,2018,,39,624
,The LEGO Zoo: 50 Easy-to-Build Animals,https://images.brickset.com/sets/small/ISBN1593279221-1.jpg,Books,No Starch Press,2018,,9,50
,LEGO Neighborhood Book 2,https://images.brickset.com/sets/small/ISBN1593279302-1.jpg,Books,No Starch Press,2018,,12,256
,The LEGO Christmas Ornaments Book 2,https://images.brickset.com/sets/small/ISBN159327940X-1.jpg,Books,No Starch Press,2018,,4,108
,LEGO Micro Cities,https://images.brickset.com/sets/small/ISBN1593279426-1.jpg,Books,No Starch Press,2018,,3,227
,BrickJournal 50: A Celebration of LEGO,https://images.brickset.com/sets/small/ISBN1605490822-1.jpg,Books,TwoMorrows,2018,,21,88
,How to Build Dream Cars with LEGO Bricks,https://images.brickset.com/sets/small/ISBN1684125391-1.jpg,Books,Thunder Bay Press,2018,,3,61
,How to Build Easy Creations with LEGO Bricks,https://images.brickset.com/sets/small/ISBN1684125405-1.jpg,Books,Thunder Bay Press,2018,,8,25
,How to Build Space Explorers with LEGO Bricks,https://images.brickset.com/sets/small/ISBN1684125413-1.jpg,Books,Thunder Bay Press,2018,,8,25
,The Shops of Brickingdon,https://images.brickset.com/sets/small/SOB-1.jpg,Books,CreateSpace,2018,,6,147
,Flying Jelly Sub,https://images.brickset.com/sets/small/JELLYFISH-1.jpg,The LEGO Ninjago Movie,Promotional,2018,,9,96
,Baby Raptor and Nest,https://images.brickset.com/sets/small/JW121801-1.jpg,Jurassic World,Magazine Gift,2018,4.5,835,296
,Owen and lookout post,https://images.brickset.com/sets/small/JW121802-1.jpg,Jurassic World,Magazine Gift,2018,3.0,335,96
,Robin,https://images.brickset.com/sets/small/NEX271824-1.jpg,Nexo Knights,Magazine Gift,2018,,254,96
,Aaron,https://images.brickset.com/sets/small/NEX271825-1.jpg,Nexo Knights,Magazine Gift,2018,,198,78
,Fred,https://images.brickset.com/sets/small/NEX271826-1.jpg,Nexo Knights,Magazine Gift,2018,,199,87
,Cyber-Snapper,https://images.brickset.com/sets/small/NEX271827-1.jpg,Nexo Knights,Magazine Gift,2018,,,
,Lance,https://images.brickset.com/sets/small/NEX271828-1.jpg,Nexo Knights,Magazine Gift,2018,,140,58
,Clay,https://images.brickset.com/sets/small/NEX271829-1.jpg,Nexo Knights,Magazine Gift,2018,,99,53
,Knight Soldier,https://images.brickset.com/sets/small/NEX271830-1.jpg,Nexo Knights,Magazine Gift,2018,,41,40
,Jay,https://images.brickset.com/sets/small/NIN891833-1.jpg,Ninjago,Magazine Gift,2018,5.0,396,79
,Spinjitzu Lloyd,https://images.brickset.com/sets/small/NIN891834-1.jpg,Ninjago,Magazine Gift,2018,4.0,408,68
,Sawyer,https://images.brickset.com/sets/small/NIN891835-1.jpg,Ninjago,Magazine Gift,2018,,316,66
,Scooter,https://images.brickset.com/sets/small/NIN891836-1.jpg,Ninjago,Magazine Gift,2018,,279,66
,Nya,https://images.brickset.com/sets/small/NIN891837-1.jpg,Ninjago,Magazine Gift,2018,,,
,Buffer,https://images.brickset.com/sets/small/NIN891838-1.jpg,Ninjago,Magazine Gift,2018,,215,68
,Cole,https://images.brickset.com/sets/small/NIN891839-1.jpg,Ninjago,Magazine Gift,2018,,245,39
,Jet Jack,https://images.brickset.com/sets/small/NIN891840-1.jpg,Ninjago,Magazine Gift,2018,,232,59
,Talon,https://images.brickset.com/sets/small/NIN891841-1.jpg,Ninjago,Magazine Gift,2018,,142,50
,Kai,https://images.brickset.com/sets/small/NIN891842-1.jpg,Ninjago,Magazine Gift,2018,,39,19
,Porg,https://images.brickset.com/sets/small/PORG-1.jpg,Star Wars,Promotional,2018,,132,332
,Black Lightning,https://images.brickset.com/sets/small/SDCC2018-2.jpg,DC Comics Super Heroes,Promotional,2018,,54,240
,Sheriff Deadpool,https://images.brickset.com/sets/small/SDCC2018-1.jpg,Marvel Super Heroes,Promotional,2018,,55,341
,Apocalypseburg Unikitty,https://images.brickset.com/sets/small/SDCC2018-3.jpg,The Lego Movie 2: The Second Part,Promotional,2018,,50,190
,Kylo Ren's Shuttle,https://images.brickset.com/sets/small/SW911831-1.jpg,Star Wars,Magazine Gift,2018,3.0,708,201
,Imperial Shuttle Pilot,https://images.brickset.com/sets/small/SW911832-1.jpg,Star Wars,Magazine Gift,2018,,816,299
,Imperial Shuttle,https://images.brickset.com/sets/small/SW911833-1.jpg,Star Wars,Magazine Gift,2018,4.0,655,180
,Finn,https://images.brickset.com/sets/small/SW911834-1.jpg,Star Wars,Magazine Gift,2018,,744,238
,Dwarf Spider Droid,https://images.brickset.com/sets/small/SW911835-1.jpg,Star Wars,Magazine Gift,2018,,515,262
,Quadjumper,https://images.brickset.com/sets/small/SW911836-1.jpg,Star Wars,Magazine Gift,2018,,502,172
,AT-ST,https://images.brickset.com/sets/small/SW911837-1.jpg,Star Wars,Magazine Gift,2018,4.0,465,173
,Probe Droid,https://images.brickset.com/sets/small/SW911838-1.jpg,Star Wars,Magazine Gift,2018,,379,177
,Obi-Wan Kenobi,https://images.brickset.com/sets/small/SW911839-1.jpg,Star Wars,Magazine Gift,2018,,475,165
,Droideka,https://images.brickset.com/sets/small/SW911840-1.jpg,Star Wars,Magazine Gift,2018,,161,137
